name,address,preview,url,review_count,naver_score,keywords
싱싱해산물,,,,0,0,
부산오징어,,,,0,0,
코노지,"",,"https://map.naver.com/p/search/%EB%B6%80%EC%82%B0%EB%8C%80%20%EB%A7%9B%EC%A7%91/place/1908504121?c=15.00,0,0,0,dh&placePath=/home?entry=bmp&n_ad_group_type=10&n_query=%EB%B6%80%EC%82%B0%EB%8C%80%EB%A7%9B%EC%A7%91&from=map&fromPanelNum=2&timestamp=202508311559&locale=ko&svcName=map_pcv5&searchText=%EB%B6%80%EC%82%B0%EB%8C%80%20%EB%A7%9B%EC%A7%91",0,0,
홍보석 숯불구이,"",,"https://map.naver.com/p/search/%EB%B6%80%EC%82%B0%EB%8C%80%20%EB%A7%9B%EC%A7%91/place/11666897?c=15.00,0,0,0,dh&placePath=/home?entry=bmp&n_ad_group_type=10&n_query=%EB%B6%80%EC%82%B0%EB%8C%80%EB%A7%9B%EC%A7%91&from=map&fromPanelNum=2&timestamp=202508311559&locale=ko&svcName=map_pcv5&searchText=%EB%B6%80%EC%82%B0%EB%8C%80%20%EB%A7%9B%EC%A7%91",0,0,
거창맷돌 본점,"",,"https://map.naver.com/p/search/%EB%B6%80%EC%82%B0%EB%8C%80%20%EB%A7%9B%EC%A7%91/place/16902373?c=15.00,0,0,0,dh&placePath=/home?entry=bmp&from=map&fromPanelNum=2&timestamp=202508311559&locale=ko&svcName=map_pcv5&searchText=%EB%B6%80%EC%82%B0%EB%8C%80%20%EB%A7%9B%EC%A7%91",0,0,
효원우곱,"",,"https://map.naver.com/p/search/%EB%B6%80%EC%82%B0%EB%8C%80%20%EB%A7%9B%EC%A7%91/place/1841098695?c=15.00,0,0,0,dh&placePath=/home?entry=bmp&from=map&fromPanelNum=2&timestamp=202508311559&locale=ko&svcName=map_pcv5&searchText=%EB%B6%80%EC%82%B0%EB%8C%80%20%EB%A7%9B%EC%A7%91",0,0,
효원주가,"",,"https://map.naver.com/p/search/%EB%B6%80%EC%82%B0%EB%8C%80%20%EB%A7%9B%EC%A7%91/place/1630393521?c=15.00,0,0,0,dh&placePath=/home?entry=bmp&from=map&fromPanelNum=2&timestamp=202508311559&locale=ko&svcName=map_pcv5&searchText=%EB%B6%80%EC%82%B0%EB%8C%80%20%EB%A7%9B%EC%A7%91",0,0,
이흥용과자점 부산대직영점,"",,"https://map.naver.com/p/search/%EB%B6%80%EC%82%B0%EB%8C%80%20%EB%A7%9B%EC%A7%91/place/1584126913?c=15.00,0,0,0,dh&placePath=/home?entry=bmp&from=map&fromPanelNum=2&timestamp=202508311559&locale=ko&svcName=map_pcv5&searchText=%EB%B6%80%EC%82%B0%EB%8C%80%20%EB%A7%9B%EC%A7%91",0,0,
포포포 부산대본점,"",,"https://map.naver.com/p/search/%EB%B6%80%EC%82%B0%EB%8C%80%20%EB%A7%9B%EC%A7%91/place/1257247244?c=15.00,0,0,0,dh&placePath=/home?entry=bmp&from=map&fromPanelNum=2&timestamp=202508311559&locale=ko&svcName=map_pcv5&searchText=%EB%B6%80%EC%82%B0%EB%8C%80%20%EB%A7%9B%EC%A7%91",0,0,
톤쇼우,"",,"https://map.naver.com/p/search/%EB%B6%80%EC%82%B0%EB%8C%80%20%EB%A7%9B%EC%A7%91/place/1539507827?c=15.00,0,0,0,dh&placePath=/home?entry=bmp&from=map&fromPanelNum=2&timestamp=202508311559&locale=ko&svcName=map_pcv5&searchText=%EB%B6%80%EC%82%B0%EB%8C%80%20%EB%A7%9B%EC%A7%91",0,0,
지대루참숯왕소금구이,"",,"https://map.naver.com/p/search/%EB%B6%80%EC%82%B0%EB%8C%80%20%EB%A7%9B%EC%A7%91/place/16889047?c=15.00,0,0,0,dh&placePath=/home?entry=bmp&from=map&fromPanelNum=2&timestamp=202508311600&locale=ko&svcName=map_pcv5&searchText=%EB%B6%80%EC%82%B0%EB%8C%80%20%EB%A7%9B%EC%A7%91",0,0,
부막숯불닭갈비 부산대점,"",,"https://map.naver.com/p/search/%EB%B6%80%EC%82%B0%EB%8C%80%20%EB%A7%9B%EC%A7%91/place/1003637302?c=15.00,0,0,0,dh&placePath=/home?entry=bmp&n_ad_group_type=10&n_query=%EB%B6%80%EC%82%B0%EB%8C%80%EB%A7%9B%EC%A7%91&from=map&fromPanelNum=2&timestamp=202508311600&locale=ko&svcName=map_pcv5&searchText=%EB%B6%80%EC%82%B0%EB%8C%80%20%EB%A7%9B%EC%A7%91",0,0,
키노,"",,"https://map.naver.com/p/search/%EB%B6%80%EC%82%B0%EB%8C%80%20%EB%A7%9B%EC%A7%91/place/1525283898?c=15.00,0,0,0,dh&placePath=/home?entry=bmp&n_ad_group_type=10&n_query=%EB%B6%80%EC%82%B0%EB%8C%80%EB%A7%9B%EC%A7%91&from=map&fromPanelNum=2&timestamp=202508311600&locale=ko&svcName=map_pcv5&searchText=%EB%B6%80%EC%82%B0%EB%8C%80%20%EB%A7%9B%EC%A7%91",0,0,
유로드밀,"",,"https://map.naver.com/p/search/%EB%B6%80%EC%82%B0%EB%8C%80%20%EB%A7%9B%EC%A7%91/place/1802088866?c=15.00,0,0,0,dh&placePath=/home?entry=bmp&from=map&fromPanelNum=2&timestamp=202508311600&locale=ko&svcName=map_pcv5&searchText=%EB%B6%80%EC%82%B0%EB%8C%80%20%EB%A7%9B%EC%A7%91",0,0,
코타츠 부산대본점,"",,"https://map.naver.com/p/search/%EB%B6%80%EC%82%B0%EB%8C%80%20%EB%A7%9B%EC%A7%91/place/1809050602?c=15.00,0,0,0,dh&placePath=/home?entry=bmp&from=map&fromPanelNum=2&timestamp=202508311600&locale=ko&svcName=map_pcv5&searchText=%EB%B6%80%EC%82%B0%EB%8C%80%20%EB%A7%9B%EC%A7%91",0,0,
유수베이커리 본점,"",,"https://map.naver.com/p/search/%EB%B6%80%EC%82%B0%EB%8C%80%20%EB%A7%9B%EC%A7%91/place/1128627027?c=15.00,0,0,0,dh&placePath=/home?entry=bmp&from=map&fromPanelNum=2&timestamp=202508311600&locale=ko&svcName=map_pcv5&searchText=%EB%B6%80%EC%82%B0%EB%8C%80%20%EB%A7%9B%EC%A7%91",0,0,
Etalee,"",,"https://map.naver.com/p/search/%EB%B6%80%EC%82%B0%EB%8C%80%20%EB%A7%9B%EC%A7%91/place/1477126367?c=15.00,0,0,0,dh&placePath=/home?entry=bmp&from=map&fromPanelNum=2&timestamp=202508311600&locale=ko&svcName=map_pcv5&searchText=%EB%B6%80%EC%82%B0%EB%8C%80%20%EB%A7%9B%EC%A7%91",0,0,
키노,"",,"https://map.naver.com/p/search/%EB%B6%80%EC%82%B0%EB%8C%80%20%EB%A7%9B%EC%A7%91/place/1525283898?c=15.00,0,0,0,dh&placePath=/home?entry=bmp&from=map&fromPanelNum=2&timestamp=202508311600&locale=ko&svcName=map_pcv5&searchText=%EB%B6%80%EC%82%B0%EB%8C%80%20%EB%A7%9B%EC%A7%91",0,0,
진진일품물횟집,"",,"https://map.naver.com/p/search/%EB%B6%80%EC%82%B0%EB%8C%80%20%EB%A7%9B%EC%A7%91/place/34922875?c=15.00,0,0,0,dh&placePath=/home?entry=bmp&from=map&fromPanelNum=2&timestamp=202508311601&locale=ko&svcName=map_pcv5&searchText=%EB%B6%80%EC%82%B0%EB%8C%80%20%EB%A7%9B%EC%A7%91",0,0,
갓지동 부산장전점,"",,"https://map.naver.com/p/search/%EB%B6%80%EC%82%B0%EB%8C%80%20%EB%A7%9B%EC%A7%91/place/1687847694?c=15.00,0,0,0,dh&placePath=/home?entry=bmp&from=map&fromPanelNum=2&timestamp=202508311601&locale=ko&svcName=map_pcv5&searchText=%EB%B6%80%EC%82%B0%EB%8C%80%20%EB%A7%9B%EC%A7%91",0,0,
육일횟집,"",,"https://map.naver.com/p/search/%EB%B6%80%EC%82%B0%EB%8C%80%20%EB%A7%9B%EC%A7%91/place/16510873?c=15.00,0,0,0,dh&placePath=/home?entry=bmp&from=map&fromPanelNum=2&timestamp=202508311601&locale=ko&svcName=map_pcv5&searchText=%EB%B6%80%EC%82%B0%EB%8C%80%20%EB%A7%9B%EC%A7%91",0,0,
자마미등갈비,"",,"https://map.naver.com/p/search/%EB%B6%80%EC%82%B0%EB%8C%80%20%EB%A7%9B%EC%A7%91/place/1574639046?c=15.00,0,0,0,dh&placePath=/home?entry=bmp&from=map&fromPanelNum=2&timestamp=202508311601&locale=ko&svcName=map_pcv5&searchText=%EB%B6%80%EC%82%B0%EB%8C%80%20%EB%A7%9B%EC%A7%91",0,0,
이태리삼촌,"",,"https://map.naver.com/p/search/%EB%B6%80%EC%82%B0%EB%8C%80%20%EB%A7%9B%EC%A7%91/place/675571204?c=15.00,0,0,0,dh&placePath=/home?entry=bmp&from=map&fromPanelNum=2&timestamp=202508311601&locale=ko&svcName=map_pcv5&searchText=%EB%B6%80%EC%82%B0%EB%8C%80%20%EB%A7%9B%EC%A7%91",0,0,
일가인 우리집,"",,"https://map.naver.com/p/search/%EB%B6%80%EC%82%B0%EB%8C%80%20%EB%A7%9B%EC%A7%91/place/1128798856?c=15.00,0,0,0,dh&placePath=/home?entry=bmp&from=map&fromPanelNum=2&timestamp=202508311601&locale=ko&svcName=map_pcv5&searchText=%EB%B6%80%EC%82%B0%EB%8C%80%20%EB%A7%9B%EC%A7%91",0,0,
코하루,"",,"https://map.naver.com/p/search/%EB%B6%80%EC%82%B0%EB%8C%80%20%EB%A7%9B%EC%A7%91/place/35907835?c=15.00,0,0,0,dh&placePath=/home?entry=bmp&from=map&fromPanelNum=2&timestamp=202508311601&locale=ko&svcName=map_pcv5&searchText=%EB%B6%80%EC%82%B0%EB%8C%80%20%EB%A7%9B%EC%A7%91",0,0,
부산대 포맨티코 본점,"",,"https://map.naver.com/p/search/%EB%B6%80%EC%82%B0%EB%8C%80%20%EB%A7%9B%EC%A7%91/place/1420568443?c=15.00,0,0,0,dh&placePath=/home?entry=bmp&n_ad_group_type=10&n_query=%EB%B6%80%EC%82%B0%EB%8C%80%EB%A7%9B%EC%A7%91&from=map&fromPanelNum=2&timestamp=202508311601&locale=ko&svcName=map_pcv5&searchText=%EB%B6%80%EC%82%B0%EB%8C%80%20%EB%A7%9B%EC%A7%91",0,0,
청화백돼지국밥 부곡본점,"",,"https://map.naver.com/p/search/%EB%B6%80%EC%82%B0%EB%8C%80%20%EB%A7%9B%EC%A7%91/place/1190876646?c=15.00,0,0,0,dh&placePath=/home?entry=bmp&from=map&fromPanelNum=2&timestamp=202508311602&locale=ko&svcName=map_pcv5&searchText=%EB%B6%80%EC%82%B0%EB%8C%80%20%EB%A7%9B%EC%A7%91",0,0,
부들파이터 부산대점,"",,"https://map.naver.com/p/search/%EB%B6%80%EC%82%B0%EB%8C%80%20%EB%A7%9B%EC%A7%91/place/1776248007?c=15.00,0,0,0,dh&placePath=/home?entry=bmp&from=map&fromPanelNum=2&timestamp=202508311602&locale=ko&svcName=map_pcv5&searchText=%EB%B6%80%EC%82%B0%EB%8C%80%20%EB%A7%9B%EC%A7%91",0,0,
칼맛나는푸짐한횟집,"",,"https://map.naver.com/p/search/%EB%B6%80%EC%82%B0%EB%8C%80%20%EB%A7%9B%EC%A7%91/place/16887605?c=15.00,0,0,0,dh&placePath=/home?entry=bmp&from=map&fromPanelNum=2&timestamp=202508311602&locale=ko&svcName=map_pcv5&searchText=%EB%B6%80%EC%82%B0%EB%8C%80%20%EB%A7%9B%EC%A7%91",0,0,
박만석 돼지곰탕 온천직영점,"",,"https://map.naver.com/p/search/%EB%B6%80%EC%82%B0%EB%8C%80%20%EB%A7%9B%EC%A7%91/place/1219355742?c=15.00,0,0,0,dh&placePath=/home?entry=bmp&from=map&fromPanelNum=2&timestamp=202508311602&locale=ko&svcName=map_pcv5&searchText=%EB%B6%80%EC%82%B0%EB%8C%80%20%EB%A7%9B%EC%A7%91",0,0,
쿨키즈네버다이,"",,"https://map.naver.com/p/search/%EB%B6%80%EC%82%B0%EB%8C%80%20%EB%A7%9B%EC%A7%91/place/1028533112?c=15.00,0,0,0,dh&placePath=/home?entry=bmp&n_ad_group_type=10&n_query=%EB%B6%80%EC%82%B0%EB%8C%80%EB%A7%9B%EC%A7%91&from=map&fromPanelNum=2&timestamp=202508311602&locale=ko&svcName=map_pcv5&searchText=%EB%B6%80%EC%82%B0%EB%8C%80%20%EB%A7%9B%EC%A7%91",0,0,
오색연,"",,"https://map.naver.com/p/search/%EB%B6%80%EC%82%B0%EB%8C%80%20%EB%A7%9B%EC%A7%91/place/1212653294?c=15.00,0,0,0,dh&placePath=/home?entry=bmp&n_ad_group_type=10&n_query=%EB%B6%80%EC%82%B0%EB%8C%80%EB%A7%9B%EC%A7%91&from=map&fromPanelNum=2&timestamp=202508311602&locale=ko&svcName=map_pcv5&searchText=%EB%B6%80%EC%82%B0%EB%8C%80%20%EB%A7%9B%EC%A7%91",0,0,
칠성돌곱창,"",,"https://map.naver.com/p/search/%EB%B6%80%EC%82%B0%EB%8C%80%20%EB%A7%9B%EC%A7%91/place/16644048?c=15.00,0,0,0,dh&placePath=/home?entry=bmp&from=map&fromPanelNum=2&timestamp=202508311603&locale=ko&svcName=map_pcv5&searchText=%EB%B6%80%EC%82%B0%EB%8C%80%20%EB%A7%9B%EC%A7%91",0,0,
코스피어,"",,"https://map.naver.com/p/search/%EB%B6%80%EC%82%B0%EB%8C%80%20%EB%A7%9B%EC%A7%91/place/1196749625?c=15.00,0,0,0,dh&placePath=/home?entry=bmp&from=map&fromPanelNum=2&timestamp=202508311603&locale=ko&svcName=map_pcv5&searchText=%EB%B6%80%EC%82%B0%EB%8C%80%20%EB%A7%9B%EC%A7%91",0,0,
모모후,"",,"https://map.naver.com/p/search/%EB%B6%80%EC%82%B0%EB%8C%80%20%EB%A7%9B%EC%A7%91/place/1862526886?c=15.00,0,0,0,dh&placePath=/home?entry=bmp&from=map&fromPanelNum=2&timestamp=202508311603&locale=ko&svcName=map_pcv5&searchText=%EB%B6%80%EC%82%B0%EB%8C%80%20%EB%A7%9B%EC%A7%91",0,0,
뼈굿감자탕&뼈구이 본점,"",,"https://map.naver.com/p/search/%EB%B6%80%EC%82%B0%EB%8C%80%20%EB%A7%9B%EC%A7%91/place/1257111232?c=15.00,0,0,0,dh&placePath=/home?entry=bmp&from=map&fromPanelNum=2&timestamp=202508311603&locale=ko&svcName=map_pcv5&searchText=%EB%B6%80%EC%82%B0%EB%8C%80%20%EB%A7%9B%EC%A7%91",0,0,
키무엔라멘,"",,"https://map.naver.com/p/search/%EB%B6%80%EC%82%B0%EB%8C%80%20%EB%A7%9B%EC%A7%91/place/1857908992?c=15.00,0,0,0,dh&placePath=/home?entry=bmp&from=map&fromPanelNum=2&timestamp=202508311603&locale=ko&svcName=map_pcv5&searchText=%EB%B6%80%EC%82%B0%EB%8C%80%20%EB%A7%9B%EC%A7%91",0,0,
토비코,"",,"https://map.naver.com/p/search/%EB%B6%80%EC%82%B0%EB%8C%80%20%EB%A7%9B%EC%A7%91/place/11706297?c=15.00,0,0,0,dh&placePath=/home?entry=bmp&from=map&fromPanelNum=2&timestamp=202508311603&locale=ko&svcName=map_pcv5&searchText=%EB%B6%80%EC%82%B0%EB%8C%80%20%EB%A7%9B%EC%A7%91",0,0,
혼돈 불고기돈까스&함박스테이크,"",,"https://map.naver.com/p/search/%EB%B6%80%EC%82%B0%EB%8C%80%20%EB%A7%9B%EC%A7%91/place/1771240195?c=15.00,0,0,0,dh&placePath=/home?entry=bmp&from=map&fromPanelNum=2&timestamp=202508311603&locale=ko&svcName=map_pcv5&searchText=%EB%B6%80%EC%82%B0%EB%8C%80%20%EB%A7%9B%EC%A7%91",0,0,
크레딧버거,"",,"https://map.naver.com/p/search/%EB%B6%80%EC%82%B0%EB%8C%80%20%EB%A7%9B%EC%A7%91/place/1207321456?c=15.00,0,0,0,dh&placePath=/home?entry=bmp&from=map&fromPanelNum=2&timestamp=202508311604&locale=ko&svcName=map_pcv5&searchText=%EB%B6%80%EC%82%B0%EB%8C%80%20%EB%A7%9B%EC%A7%91",0,0,
장호가양꼬치 부산대점,"",,"https://map.naver.com/p/search/%EB%B6%80%EC%82%B0%EB%8C%80%20%EB%A7%9B%EC%A7%91/place/1182881500?c=15.00,0,0,0,dh&placePath=/home?entry=bmp&from=map&fromPanelNum=2&timestamp=202508311604&locale=ko&svcName=map_pcv5&searchText=%EB%B6%80%EC%82%B0%EB%8C%80%20%EB%A7%9B%EC%A7%91",0,0,
미슐당 부산대점,"",,"https://map.naver.com/p/search/%EB%B6%80%EC%82%B0%EB%8C%80%20%EB%A7%9B%EC%A7%91/place/1201194727?c=15.00,0,0,0,dh&placePath=/home?entry=bmp&from=map&fromPanelNum=2&timestamp=202508311604&locale=ko&svcName=map_pcv5&searchText=%EB%B6%80%EC%82%B0%EB%8C%80%20%EB%A7%9B%EC%A7%91",0,0,
웍헤이,"",,"https://map.naver.com/p/search/%EB%B6%80%EC%82%B0%EB%8C%80%20%EB%A7%9B%EC%A7%91/place/1456686050?c=15.00,0,0,0,dh&placePath=/home?entry=bmp&from=map&fromPanelNum=2&timestamp=202508311604&locale=ko&svcName=map_pcv5&searchText=%EB%B6%80%EC%82%B0%EB%8C%80%20%EB%A7%9B%EC%A7%91",0,0,
TEJE,"",,"https://map.naver.com/p/search/%EB%B6%80%EC%82%B0%EB%8C%80%20%EB%A7%9B%EC%A7%91/place/509205075?c=15.00,0,0,0,dh&placePath=/home?entry=bmp&from=map&fromPanelNum=2&timestamp=202508311604&locale=ko&svcName=map_pcv5&searchText=%EB%B6%80%EC%82%B0%EB%8C%80%20%EB%A7%9B%EC%A7%91",0,0,
컬러드,"",,"https://map.naver.com/p/search/%EB%B6%80%EC%82%B0%EB%8C%80%20%EB%A7%9B%EC%A7%91/place/1471783994?c=15.00,0,0,0,dh&placePath=/home?entry=bmp&from=map&fromPanelNum=2&timestamp=202508311604&locale=ko&svcName=map_pcv5&searchText=%EB%B6%80%EC%82%B0%EB%8C%80%20%EB%A7%9B%EC%A7%91",0,0,
브런치앤디너 테라비 부산대점,"",,"https://map.naver.com/p/search/%EB%B6%80%EC%82%B0%EB%8C%80%20%EB%A7%9B%EC%A7%91/place/1051977722?c=15.00,0,0,0,dh&placePath=/home?entry=bmp&from=map&fromPanelNum=2&timestamp=202508311605&locale=ko&svcName=map_pcv5&searchText=%EB%B6%80%EC%82%B0%EB%8C%80%20%EB%A7%9B%EC%A7%91",0,0,
펀치,"",,"https://map.naver.com/p/search/%EB%B6%80%EC%82%B0%EB%8C%80%20%EB%A7%9B%EC%A7%91/place/2074542658?c=15.00,0,0,0,dh&placePath=/home?entry=bmp&from=map&fromPanelNum=2&timestamp=202508311605&locale=ko&svcName=map_pcv5&searchText=%EB%B6%80%EC%82%B0%EB%8C%80%20%EB%A7%9B%EC%A7%91",0,0,
몽레브,"",,"https://map.naver.com/p/search/%EB%B6%80%EC%82%B0%EB%8C%80%20%EB%A7%9B%EC%A7%91/place/32278209?c=15.00,0,0,0,dh&placePath=/home?entry=bmp&from=map&fromPanelNum=2&timestamp=202508311605&locale=ko&svcName=map_pcv5&searchText=%EB%B6%80%EC%82%B0%EB%8C%80%20%EB%A7%9B%EC%A7%91",0,0,
커피어웨이크,"",,"https://map.naver.com/p/search/%EB%B6%80%EC%82%B0%EB%8C%80%20%EB%A7%9B%EC%A7%91/place/21623817?c=15.00,0,0,0,dh&placePath=/home?entry=bmp&from=map&fromPanelNum=2&timestamp=202508311605&locale=ko&svcName=map_pcv5&searchText=%EB%B6%80%EC%82%B0%EB%8C%80%20%EB%A7%9B%EC%A7%91",0,0,
컴포즈커피 부산대2호점,"",,"https://map.naver.com/p/search/%EB%B6%80%EC%82%B0%EB%8C%80%20%EB%A7%9B%EC%A7%91/place/38447732?c=15.00,0,0,0,dh&placePath=/home?entry=bmp&from=map&fromPanelNum=2&timestamp=202508311605&locale=ko&svcName=map_pcv5&searchText=%EB%B6%80%EC%82%B0%EB%8C%80%20%EB%A7%9B%EC%A7%91",0,0,
팔구제면소 온천장점,"",,"https://map.naver.com/p/search/%EB%B6%80%EC%82%B0%EB%8C%80%20%EB%A7%9B%EC%A7%91/place/1029468152?c=15.00,0,0,0,dh&placePath=/home?entry=bmp&from=map&fromPanelNum=2&timestamp=202508311606&locale=ko&svcName=map_pcv5&searchText=%EB%B6%80%EC%82%B0%EB%8C%80%20%EB%A7%9B%EC%A7%91",0,0,
파인드 아워 유니버스,"",,"https://map.naver.com/p/search/%EB%B6%80%EC%82%B0%EB%8C%80%20%EB%A7%9B%EC%A7%91/place/1744971992?c=15.00,0,0,0,dh&placePath=/home?entry=bmp&from=map&fromPanelNum=2&timestamp=202508311606&locale=ko&svcName=map_pcv5&searchText=%EB%B6%80%EC%82%B0%EB%8C%80%20%EB%A7%9B%EC%A7%91",0,0,
어스베이킹케이크 부산대레터링케이크,"",,"https://map.naver.com/p/search/%EB%B6%80%EC%82%B0%EB%8C%80%20%EB%A7%9B%EC%A7%91/place/1076917657?c=15.00,0,0,0,dh&placePath=/home?entry=bmp&from=map&fromPanelNum=2&timestamp=202508311606&locale=ko&svcName=map_pcv5&searchText=%EB%B6%80%EC%82%B0%EB%8C%80%20%EB%A7%9B%EC%A7%91",0,0,
육수재,"",,"https://map.naver.com/p/search/%EB%B6%80%EC%82%B0%EB%8C%80%20%EB%A7%9B%EC%A7%91/place/2057260089?c=15.00,0,0,0,dh&placePath=/home?entry=bmp&from=map&fromPanelNum=2&timestamp=202508311606&locale=ko&svcName=map_pcv5&searchText=%EB%B6%80%EC%82%B0%EB%8C%80%20%EB%A7%9B%EC%A7%91",0,0,
크라운닭발 부산대본점,"",,"https://map.naver.com/p/search/%EB%B6%80%EC%82%B0%EB%8C%80%20%EB%A7%9B%EC%A7%91/place/1921116002?c=15.00,0,0,0,dh&placePath=/home?entry=bmp&from=map&fromPanelNum=2&timestamp=202508311607&locale=ko&svcName=map_pcv5&searchText=%EB%B6%80%EC%82%B0%EB%8C%80%20%EB%A7%9B%EC%A7%91",0,0,
오투정거장,"",,"https://map.naver.com/p/search/%EB%B6%80%EC%82%B0%EB%8C%80%20%EB%A7%9B%EC%A7%91/place/1047572199?c=15.00,0,0,0,dh&placePath=/home?entry=bmp&from=map&fromPanelNum=2&timestamp=202508311607&locale=ko&svcName=map_pcv5&searchText=%EB%B6%80%EC%82%B0%EB%8C%80%20%EB%A7%9B%EC%A7%91",0,0,
호작,"",,"https://map.naver.com/p/search/%EB%B6%80%EC%82%B0%EB%8C%80%20%EB%A7%9B%EC%A7%91/place/1080884797?c=15.00,0,0,0,dh&placePath=/home?entry=bmp&from=map&fromPanelNum=2&timestamp=202508311607&locale=ko&svcName=map_pcv5&searchText=%EB%B6%80%EC%82%B0%EB%8C%80%20%EB%A7%9B%EC%A7%91",0,0,
버거킹 부산대점,"",,"https://map.naver.com/p/search/%EB%B6%80%EC%82%B0%EB%8C%80%20%EB%A7%9B%EC%A7%91/place/1949817011?c=15.00,0,0,0,dh&placePath=/home?entry=bmp&from=map&fromPanelNum=2&timestamp=202508311608&locale=ko&svcName=map_pcv5&searchText=%EB%B6%80%EC%82%B0%EB%8C%80%20%EB%A7%9B%EC%A7%91",0,0,
인자한키친,"",,"https://map.naver.com/p/search/%EB%B6%80%EC%82%B0%EB%8C%80%20%EB%A7%9B%EC%A7%91/place/1258975147?c=15.00,0,0,0,dh&placePath=/home?entry=bmp&from=map&fromPanelNum=2&timestamp=202508311608&locale=ko&svcName=map_pcv5&searchText=%EB%B6%80%EC%82%B0%EB%8C%80%20%EB%A7%9B%EC%A7%91",0,0,
타코노유메,"",,"https://map.naver.com/p/search/%EB%B6%80%EC%82%B0%EB%8C%80%20%EB%A7%9B%EC%A7%91/place/1357064977?c=15.00,0,0,0,dh&placePath=/home?entry=bmp&from=map&fromPanelNum=2&timestamp=202508311608&locale=ko&svcName=map_pcv5&searchText=%EB%B6%80%EC%82%B0%EB%8C%80%20%EB%A7%9B%EC%A7%91",0,0,
정성육회 부산대점,"",,"https://map.naver.com/p/search/%EB%B6%80%EC%82%B0%EB%8C%80%20%EB%A7%9B%EC%A7%91/place/1898157579?c=15.00,0,0,0,dh&placePath=/home?entry=bmp&from=map&fromPanelNum=2&timestamp=202508311609&locale=ko&svcName=map_pcv5&searchText=%EB%B6%80%EC%82%B0%EB%8C%80%20%EB%A7%9B%EC%A7%91",0,0,
청춘삼겹,"",,"https://map.naver.com/p/search/%EB%B6%80%EC%82%B0%EB%8C%80%20%EB%A7%9B%EC%A7%91/place/1633121602?c=15.00,0,0,0,dh&placePath=/home?entry=bmp&from=map&fromPanelNum=2&timestamp=202508311609&locale=ko&svcName=map_pcv5&searchText=%EB%B6%80%EC%82%B0%EB%8C%80%20%EB%A7%9B%EC%A7%91",0,0,
개성상인,"",,"https://map.naver.com/p/search/%EB%B6%80%EC%82%B0%EB%8C%80%20%EB%A7%9B%EC%A7%91/place/1119317661?c=15.00,0,0,0,dh&placePath=/home?entry=bmp&from=map&fromPanelNum=2&timestamp=202508311609&locale=ko&svcName=map_pcv5&searchText=%EB%B6%80%EC%82%B0%EB%8C%80%20%EB%A7%9B%EC%A7%91",0,0,
맥부리또 부산대점,"",,"https://map.naver.com/p/search/%EB%B6%80%EC%82%B0%EB%8C%80%20%EB%A7%9B%EC%A7%91/place/1282762052?c=15.00,0,0,0,dh&placePath=/home?entry=bmp&from=map&fromPanelNum=2&timestamp=202508311609&locale=ko&svcName=map_pcv5&searchText=%EB%B6%80%EC%82%B0%EB%8C%80%20%EB%A7%9B%EC%A7%91",0,0,
치한당 부산대점,"",,"https://map.naver.com/p/search/%EB%B6%80%EC%82%B0%EB%8C%80%20%EB%A7%9B%EC%A7%91/place/1980788735?c=15.00,0,0,0,dh&placePath=/home?entry=bmp&from=map&fromPanelNum=2&timestamp=202508311610&locale=ko&svcName=map_pcv5&searchText=%EB%B6%80%EC%82%B0%EB%8C%80%20%EB%A7%9B%EC%A7%91",0,0,
4242샌드위치 본점,"",,"https://map.naver.com/p/search/%EB%B6%80%EC%82%B0%EB%8C%80%20%EB%A7%9B%EC%A7%91/place/1959871514?c=15.00,0,0,0,dh&placePath=/home?entry=bmp&from=map&fromPanelNum=2&timestamp=202508311610&locale=ko&svcName=map_pcv5&searchText=%EB%B6%80%EC%82%B0%EB%8C%80%20%EB%A7%9B%EC%A7%91",0,0,
조선대패 부산대점,"",,"https://map.naver.com/p/search/%EB%B6%80%EC%82%B0%EB%8C%80%20%EB%A7%9B%EC%A7%91/place/2038673441?c=15.00,0,0,0,dh&placePath=/home?entry=bmp&from=map&fromPanelNum=2&timestamp=202508311610&locale=ko&svcName=map_pcv5&searchText=%EB%B6%80%EC%82%B0%EB%8C%80%20%EB%A7%9B%EC%A7%91",0,0,
에픽키친,"",,"https://map.naver.com/p/search/%EB%B6%80%EC%82%B0%EB%8C%80%20%EB%A7%9B%EC%A7%91/place/1219497853?c=15.00,0,0,0,dh&placePath=/home?entry=bmp&from=map&fromPanelNum=2&timestamp=202508311611&locale=ko&svcName=map_pcv5&searchText=%EB%B6%80%EC%82%B0%EB%8C%80%20%EB%A7%9B%EC%A7%91",0,0,
일송면옥 부산대본점,"",,"https://map.naver.com/p/search/%EB%B6%80%EC%82%B0%EB%8C%80%20%EB%A7%9B%EC%A7%91/place/13573634?c=15.00,0,0,0,dh&placePath=/home?entry=bmp&from=map&fromPanelNum=2&timestamp=202508311612&locale=ko&svcName=map_pcv5&searchText=%EB%B6%80%EC%82%B0%EB%8C%80%20%EB%A7%9B%EC%A7%91",0,0,
보리종파티세리 본점,"",,"https://map.naver.com/p/search/%EB%B6%80%EC%82%B0%EB%8C%80%20%EB%A7%9B%EC%A7%91/place/1083410076?c=15.00,0,0,0,dh&placePath=/home?entry=bmp&from=map&fromPanelNum=2&timestamp=202508311612&locale=ko&svcName=map_pcv5&searchText=%EB%B6%80%EC%82%B0%EB%8C%80%20%EB%A7%9B%EC%A7%91",0,0,
한날한시,"",,"https://map.naver.com/p/search/%EB%B6%80%EC%82%B0%EB%8C%80%20%EB%A7%9B%EC%A7%91/place/2072273848?c=15.00,0,0,0,dh&placePath=/home?entry=bmp&from=map&fromPanelNum=2&timestamp=202508311612&locale=ko&svcName=map_pcv5&searchText=%EB%B6%80%EC%82%B0%EB%8C%80%20%EB%A7%9B%EC%A7%91",0,0,
현풍닭칼국수 부산대점,"",,"https://map.naver.com/p/search/%EB%B6%80%EC%82%B0%EB%8C%80%20%EB%A7%9B%EC%A7%91/place/1412051929?c=15.00,0,0,0,dh&placePath=/home?entry=bmp&from=map&fromPanelNum=2&timestamp=202508311612&locale=ko&svcName=map_pcv5&searchText=%EB%B6%80%EC%82%B0%EB%8C%80%20%EB%A7%9B%EC%A7%91",0,0,
할리데이 온 시티,"",,"https://map.naver.com/p/search/%EB%B6%80%EC%82%B0%EB%8C%80%20%EB%A7%9B%EC%A7%91/place/1452922407?c=15.00,0,0,0,dh&placePath=/home?entry=bmp&from=map&fromPanelNum=2&timestamp=202508311613&locale=ko&svcName=map_pcv5&searchText=%EB%B6%80%EC%82%B0%EB%8C%80%20%EB%A7%9B%EC%A7%91",0,0,
팝콘도시 부산대점,"",,"https://map.naver.com/p/search/%EB%B6%80%EC%82%B0%EB%8C%80%20%EB%A7%9B%EC%A7%91/place/1740202987?c=15.00,0,0,0,dh&placePath=/home?entry=bmp&from=map&fromPanelNum=2&timestamp=202508311613&locale=ko&svcName=map_pcv5&searchText=%EB%B6%80%EC%82%B0%EB%8C%80%20%EB%A7%9B%EC%A7%91",0,0,
우리집,"",,"https://map.naver.com/p/search/%EB%B6%80%EC%82%B0%EB%8C%80%20%EB%A7%9B%EC%A7%91/place/1775349945?c=15.00,0,0,0,dh&placePath=/home?entry=bmp&from=map&fromPanelNum=2&timestamp=202508311614&locale=ko&svcName=map_pcv5&searchText=%EB%B6%80%EC%82%B0%EB%8C%80%20%EB%A7%9B%EC%A7%91",0,0,
연화리,"",,"https://map.naver.com/p/search/%EB%B6%80%EC%82%B0%EB%8C%80%20%EB%A7%9B%EC%A7%91/place/1192460950?c=15.00,0,0,0,dh&placePath=/home?entry=bmp&from=map&fromPanelNum=2&timestamp=202508311614&locale=ko&svcName=map_pcv5&searchText=%EB%B6%80%EC%82%B0%EB%8C%80%20%EB%A7%9B%EC%A7%91",0,0,
칠칠켄터키 부산대본점,"",,"https://map.naver.com/p/search/%EB%B6%80%EC%82%B0%EB%8C%80%20%EB%A7%9B%EC%A7%91/place/21905151?c=15.00,0,0,0,dh&placePath=/home?entry=bmp&from=map&fromPanelNum=2&timestamp=202508311614&locale=ko&svcName=map_pcv5&searchText=%EB%B6%80%EC%82%B0%EB%8C%80%20%EB%A7%9B%EC%A7%91",0,0,
온결,"",,"https://map.naver.com/p/search/%EB%B6%80%EC%82%B0%EB%8C%80%20%EB%A7%9B%EC%A7%91/place/2024938809?c=15.00,0,0,0,dh&placePath=/home?entry=bmp&from=map&fromPanelNum=2&timestamp=202508311615&locale=ko&svcName=map_pcv5&searchText=%EB%B6%80%EC%82%B0%EB%8C%80%20%EB%A7%9B%EC%A7%91",0,0,
청해루,"",,"https://map.naver.com/p/search/%EB%B6%80%EC%82%B0%EB%8C%80%20%EB%A7%9B%EC%A7%91/place/16634814?c=15.00,0,0,0,dh&placePath=/home?entry=bmp&from=map&fromPanelNum=2&timestamp=202508311615&locale=ko&svcName=map_pcv5&searchText=%EB%B6%80%EC%82%B0%EB%8C%80%20%EB%A7%9B%EC%A7%91",0,0,
돈까스겸,"",,"https://map.naver.com/p/search/%EB%B6%80%EC%82%B0%EB%8C%80%20%EB%A7%9B%EC%A7%91/place/16614184?c=15.00,0,0,0,dh&placePath=/home?entry=bmp&from=map&fromPanelNum=2&timestamp=202508311616&locale=ko&svcName=map_pcv5&searchText=%EB%B6%80%EC%82%B0%EB%8C%80%20%EB%A7%9B%EC%A7%91",0,0,
카페드팽,"",,"https://map.naver.com/p/search/%EB%B6%80%EC%82%B0%EB%8C%80%20%EB%A7%9B%EC%A7%91/place/32625830?c=15.00,0,0,0,dh&placePath=/home?entry=bmp&from=map&fromPanelNum=2&timestamp=202508311616&locale=ko&svcName=map_pcv5&searchText=%EB%B6%80%EC%82%B0%EB%8C%80%20%EB%A7%9B%EC%A7%91",0,0,
이츠키,"",,"https://map.naver.com/p/search/%EB%B6%80%EC%82%B0%EB%8C%80%20%EB%A7%9B%EC%A7%91/place/1295424954?c=15.00,0,0,0,dh&placePath=/home?entry=bmp&from=map&fromPanelNum=2&timestamp=202508311616&locale=ko&svcName=map_pcv5&searchText=%EB%B6%80%EC%82%B0%EB%8C%80%20%EB%A7%9B%EC%A7%91",0,0,
쿠카이야,"",,"https://map.naver.com/p/search/%EB%B6%80%EC%82%B0%EB%8C%80%20%EB%A7%9B%EC%A7%91/place/38235864?c=15.00,0,0,0,dh&placePath=/home?entry=bmp&from=map&fromPanelNum=2&timestamp=202508311617&locale=ko&svcName=map_pcv5&searchText=%EB%B6%80%EC%82%B0%EB%8C%80%20%EB%A7%9B%EC%A7%91",0,0,
하나요이,"",,"https://map.naver.com/p/search/%EB%B6%80%EC%82%B0%EB%8C%80%20%EB%A7%9B%EC%A7%91/place/1252790310?c=15.00,0,0,0,dh&placePath=/home?entry=bmp&from=map&fromPanelNum=2&timestamp=202508311618&locale=ko&svcName=map_pcv5&searchText=%EB%B6%80%EC%82%B0%EB%8C%80%20%EB%A7%9B%EC%A7%91",0,0,
니노마에,"",,"https://map.naver.com/p/search/%EB%B6%80%EC%82%B0%EB%8C%80%20%EB%A7%9B%EC%A7%91/place/2070787692?c=15.00,0,0,0,dh&placePath=/home?entry=bmp&from=map&fromPanelNum=2&timestamp=202508311619&locale=ko&svcName=map_pcv5&searchText=%EB%B6%80%EC%82%B0%EB%8C%80%20%EB%A7%9B%EC%A7%91",0,0,
행복한상,"",,"https://map.naver.com/p/search/%EB%B6%80%EC%82%B0%EB%8C%80%20%EB%A7%9B%EC%A7%91/place/1291177879?c=15.00,0,0,0,dh&placePath=/home?entry=bmp&from=map&fromPanelNum=2&timestamp=202508311619&locale=ko&svcName=map_pcv5&searchText=%EB%B6%80%EC%82%B0%EB%8C%80%20%EB%A7%9B%EC%A7%91",0,0,
피나치공 부산대점,"",,"https://map.naver.com/p/search/%EB%B6%80%EC%82%B0%EB%8C%80%20%EB%A7%9B%EC%A7%91/place/33217641?c=15.00,0,0,0,dh&placePath=/home?entry=bmp&from=map&fromPanelNum=2&timestamp=202508311619&locale=ko&svcName=map_pcv5&searchText=%EB%B6%80%EC%82%B0%EB%8C%80%20%EB%A7%9B%EC%A7%91",0,0,
부산대 매일꽃돈,"",,"https://map.naver.com/p/search/%EB%B6%80%EC%82%B0%EB%8C%80%20%EB%A7%9B%EC%A7%91/place/1233754447?c=15.00,0,0,0,dh&placePath=/home?entry=bmp&from=map&fromPanelNum=2&timestamp=202508311620&locale=ko&svcName=map_pcv5&searchText=%EB%B6%80%EC%82%B0%EB%8C%80%20%EB%A7%9B%EC%A7%91",0,0,
티니248 부산대 직영점,"",,"https://map.naver.com/p/search/%EB%B6%80%EC%82%B0%EB%8C%80%20%EB%A7%9B%EC%A7%91/place/1780878256?c=15.00,0,0,0,dh&placePath=/home?entry=bmp&from=map&fromPanelNum=2&timestamp=202508311620&locale=ko&svcName=map_pcv5&searchText=%EB%B6%80%EC%82%B0%EB%8C%80%20%EB%A7%9B%EC%A7%91",0,0,
촨촨향 양꼬치,"",,"https://map.naver.com/p/search/%EB%B6%80%EC%82%B0%EB%8C%80%20%EB%A7%9B%EC%A7%91/place/1701218285?c=15.00,0,0,0,dh&placePath=/home?entry=bmp&from=map&fromPanelNum=2&timestamp=202508311620&locale=ko&svcName=map_pcv5&searchText=%EB%B6%80%EC%82%B0%EB%8C%80%20%EB%A7%9B%EC%A7%91",0,0,
코코브라운,"",,"https://map.naver.com/p/search/%EB%B6%80%EC%82%B0%EB%8C%80%20%EB%A7%9B%EC%A7%91/place/36379350?c=15.00,0,0,0,dh&placePath=/home?entry=bmp&from=map&fromPanelNum=2&timestamp=202508311621&locale=ko&svcName=map_pcv5&searchText=%EB%B6%80%EC%82%B0%EB%8C%80%20%EB%A7%9B%EC%A7%91",0,0,
춘리마라탕 부산대점,"",,"https://map.naver.com/p/search/%EB%B6%80%EC%82%B0%EB%8C%80%20%EB%A7%9B%EC%A7%91/place/1598417257?c=15.00,0,0,0,dh&placePath=/home?entry=bmp&from=map&fromPanelNum=2&timestamp=202508311623&locale=ko&svcName=map_pcv5&searchText=%EB%B6%80%EC%82%B0%EB%8C%80%20%EB%A7%9B%EC%A7%91",0,0,
파리바게뜨 부산대,"",,"https://map.naver.com/p/search/%EB%B6%80%EC%82%B0%EB%8C%80%20%EB%A7%9B%EC%A7%91/place/16891892?c=15.00,0,0,0,dh&placePath=/home?entry=bmp&from=map&fromPanelNum=2&timestamp=202508311624&locale=ko&svcName=map_pcv5&searchText=%EB%B6%80%EC%82%B0%EB%8C%80%20%EB%A7%9B%EC%A7%91",0,0,
어벤더치 부산대본점,"",,"https://map.naver.com/p/search/%EB%B6%80%EC%82%B0%EB%8C%80%20%EB%A7%9B%EC%A7%91/place/37562429?c=15.00,0,0,0,dh&placePath=/home?entry=bmp&from=map&fromPanelNum=2&timestamp=202508311624&locale=ko&svcName=map_pcv5&searchText=%EB%B6%80%EC%82%B0%EB%8C%80%20%EB%A7%9B%EC%A7%91",0,0,
조선칼국수와통막걸리 부산대점,"",,"https://map.naver.com/p/search/%EB%B6%80%EC%82%B0%EB%8C%80%20%EB%A7%9B%EC%A7%91/place/37977340?c=15.00,0,0,0,dh&placePath=/home?entry=bmp&from=map&fromPanelNum=2&timestamp=202508311624&locale=ko&svcName=map_pcv5&searchText=%EB%B6%80%EC%82%B0%EB%8C%80%20%EB%A7%9B%EC%A7%91",0,0,
카페 그라운드,"",,"https://map.naver.com/p/search/%EB%B6%80%EC%82%B0%EB%8C%80%20%EB%A7%9B%EC%A7%91/place/1946830193?c=15.00,0,0,0,dh&placePath=/home?entry=bmp&from=map&fromPanelNum=2&timestamp=202508311625&locale=ko&svcName=map_pcv5&searchText=%EB%B6%80%EC%82%B0%EB%8C%80%20%EB%A7%9B%EC%A7%91",0,0,
역전할머니맥주 부산대점,"",,"https://map.naver.com/p/search/%EB%B6%80%EC%82%B0%EB%8C%80%20%EB%A7%9B%EC%A7%91/place/1238642782?c=15.00,0,0,0,dh&placePath=/home?entry=bmp&from=map&fromPanelNum=2&timestamp=202508311625&locale=ko&svcName=map_pcv5&searchText=%EB%B6%80%EC%82%B0%EB%8C%80%20%EB%A7%9B%EC%A7%91",0,0,
서울깍두기 본점,"",,"https://map.naver.com/p/search/%EB%B6%80%EC%82%B0%EB%8C%80%20%EB%A7%9B%EC%A7%91/place/11600053?c=15.00,0,0,0,dh&placePath=/home?entry=bmp&from=map&fromPanelNum=2&timestamp=202508311625&locale=ko&svcName=map_pcv5&searchText=%EB%B6%80%EC%82%B0%EB%8C%80%20%EB%A7%9B%EC%A7%91",0,0,
고성횟집,"",,"https://map.naver.com/p/search/%EB%B6%80%EC%82%B0%EB%8C%80%20%EB%A7%9B%EC%A7%91/place/16896228?c=15.00,0,0,0,dh&placePath=/home?entry=bmp&from=map&fromPanelNum=2&timestamp=202508311626&locale=ko&svcName=map_pcv5&searchText=%EB%B6%80%EC%82%B0%EB%8C%80%20%EB%A7%9B%EC%A7%91",0,0,
제주대패랑 옛날갈비 부산대점,"",,"https://map.naver.com/p/search/%EB%B6%80%EC%82%B0%EB%8C%80%20%EB%A7%9B%EC%A7%91/place/1710041827?c=15.00,0,0,0,dh&placePath=/home?entry=bmp&from=map&fromPanelNum=2&timestamp=202508311626&locale=ko&svcName=map_pcv5&searchText=%EB%B6%80%EC%82%B0%EB%8C%80%20%EB%A7%9B%EC%A7%91",0,0,
Poke all day 포케&샐러드 부산대점,"",,"https://map.naver.com/p/search/%EB%B6%80%EC%82%B0%EB%8C%80%20%EB%A7%9B%EC%A7%91/place/1293067837?c=15.00,0,0,0,dh&placePath=/home?entry=bmp&from=map&fromPanelNum=2&timestamp=202508311627&locale=ko&svcName=map_pcv5&searchText=%EB%B6%80%EC%82%B0%EB%8C%80%20%EB%A7%9B%EC%A7%91",0,0,
이가족발,"",,"https://map.naver.com/p/search/%EB%B6%80%EC%82%B0%EB%8C%80%20%EB%A7%9B%EC%A7%91/place/1901007968?c=15.00,0,0,0,dh&placePath=/home?entry=bmp&from=map&fromPanelNum=2&timestamp=202508311627&locale=ko&svcName=map_pcv5&searchText=%EB%B6%80%EC%82%B0%EB%8C%80%20%EB%A7%9B%EC%A7%91",0,0,
족발신선생 부산대점,"",,"https://map.naver.com/p/search/%EB%B6%80%EC%82%B0%EB%8C%80%20%EB%A7%9B%EC%A7%91/place/1703248265?c=15.00,0,0,0,dh&placePath=/home?entry=bmp&from=map&fromPanelNum=2&timestamp=202508311628&locale=ko&svcName=map_pcv5&searchText=%EB%B6%80%EC%82%B0%EB%8C%80%20%EB%A7%9B%EC%A7%91",0,0,
철마뒷고기 온천2호점,"",,"https://map.naver.com/p/search/%EB%B6%80%EC%82%B0%EB%8C%80%20%EB%A7%9B%EC%A7%91/place/1101759368?c=15.00,0,0,0,dh&placePath=/home?entry=bmp&from=map&fromPanelNum=2&timestamp=202508311629&locale=ko&svcName=map_pcv5&searchText=%EB%B6%80%EC%82%B0%EB%8C%80%20%EB%A7%9B%EC%A7%91",0,0,
하나이미 부산대점,"",,"https://map.naver.com/p/search/%EB%B6%80%EC%82%B0%EB%8C%80%20%EB%A7%9B%EC%A7%91/place/231551807?c=15.00,0,0,0,dh&placePath=/home?entry=bmp&from=map&fromPanelNum=2&timestamp=202508311629&locale=ko&svcName=map_pcv5&searchText=%EB%B6%80%EC%82%B0%EB%8C%80%20%EB%A7%9B%EC%A7%91",0,0,
물고기,"",,"https://map.naver.com/p/search/%EB%B6%80%EC%82%B0%EB%8C%80%20%EB%A7%9B%EC%A7%91/place/1875030672?c=15.00,0,0,0,dh&placePath=/home?entry=bmp&from=map&fromPanelNum=2&timestamp=202508311630&locale=ko&svcName=map_pcv5&searchText=%EB%B6%80%EC%82%B0%EB%8C%80%20%EB%A7%9B%EC%A7%91",0,0,
평화김해뒷고기 부산대점,"",,"https://map.naver.com/p/search/%EB%B6%80%EC%82%B0%EB%8C%80%20%EB%A7%9B%EC%A7%91/place/1482470785?c=15.00,0,0,0,dh&placePath=/home?entry=bmp&from=map&fromPanelNum=2&timestamp=202508311630&locale=ko&svcName=map_pcv5&searchText=%EB%B6%80%EC%82%B0%EB%8C%80%20%EB%A7%9B%EC%A7%91",0,0,
파리바게뜨 금정부곡점,"",,"https://map.naver.com/p/search/%EB%B6%80%EC%82%B0%EB%8C%80%20%EB%A7%9B%EC%A7%91/place/1618513786?c=15.00,0,0,0,dh&placePath=/home?entry=bmp&from=map&fromPanelNum=2&timestamp=202508311630&locale=ko&svcName=map_pcv5&searchText=%EB%B6%80%EC%82%B0%EB%8C%80%20%EB%A7%9B%EC%A7%91",0,0,
땅스부대찌개 장전점,"",,"https://map.naver.com/p/search/%EB%B6%80%EC%82%B0%EB%8C%80%20%EB%A7%9B%EC%A7%91/place/1134501410?c=15.00,0,0,0,dh&placePath=/home?entry=bmp&from=map&fromPanelNum=2&timestamp=202508311631&locale=ko&svcName=map_pcv5&searchText=%EB%B6%80%EC%82%B0%EB%8C%80%20%EB%A7%9B%EC%A7%91",0,0,
유가솜씨 부산대본점,"",,"https://map.naver.com/p/search/%EB%B6%80%EC%82%B0%EB%8C%80%20%EB%A7%9B%EC%A7%91/place/1939043289?c=15.00,0,0,0,dh&placePath=/home?entry=bmp&from=map&fromPanelNum=2&timestamp=202508311631&locale=ko&svcName=map_pcv5&searchText=%EB%B6%80%EC%82%B0%EB%8C%80%20%EB%A7%9B%EC%A7%91",0,0,
이삭토스트 부산대점,"",,"https://map.naver.com/p/search/%EB%B6%80%EC%82%B0%EB%8C%80%20%EB%A7%9B%EC%A7%91/place/37179119?c=15.00,0,0,0,dh&placePath=/home?entry=bmp&from=map&fromPanelNum=2&timestamp=202508311631&locale=ko&svcName=map_pcv5&searchText=%EB%B6%80%EC%82%B0%EB%8C%80%20%EB%A7%9B%EC%A7%91",0,0,
우마이도 부산점,"",,"https://map.naver.com/p/search/%EB%B6%80%EC%82%B0%EB%8C%80%20%EB%A7%9B%EC%A7%91/place/13572009?c=15.00,0,0,0,dh&placePath=/home?entry=bmp&from=map&fromPanelNum=2&timestamp=202508311632&locale=ko&svcName=map_pcv5&searchText=%EB%B6%80%EC%82%B0%EB%8C%80%20%EB%A7%9B%EC%A7%91",0,0,
황금칼국수,"",,"https://map.naver.com/p/search/%EB%B6%80%EC%82%B0%EB%8C%80%20%EB%A7%9B%EC%A7%91/place/31683743?c=15.00,0,0,0,dh&placePath=/home?entry=bmp&from=map&fromPanelNum=2&timestamp=202508311632&locale=ko&svcName=map_pcv5&searchText=%EB%B6%80%EC%82%B0%EB%8C%80%20%EB%A7%9B%EC%A7%91",0,0,
거북이동네 부산장전점,"",,"https://map.naver.com/p/search/%EB%B6%80%EC%82%B0%EB%8C%80%20%EB%A7%9B%EC%A7%91/place/1683372796?c=15.00,0,0,0,dh&placePath=/home?entry=bmp&from=map&fromPanelNum=2&timestamp=202508311632&locale=ko&svcName=map_pcv5&searchText=%EB%B6%80%EC%82%B0%EB%8C%80%20%EB%A7%9B%EC%A7%91",0,0,
운죽정북카페,"",,"https://map.naver.com/p/search/%EB%B6%80%EC%82%B0%EB%8C%80%20%EB%A7%9B%EC%A7%91/place/1882833749?c=15.00,0,0,0,dh&placePath=/home?entry=bmp&from=map&fromPanelNum=2&timestamp=202508311633&locale=ko&svcName=map_pcv5&searchText=%EB%B6%80%EC%82%B0%EB%8C%80%20%EB%A7%9B%EC%A7%91",0,0,
챠오샤브 장전역점,"",,"https://map.naver.com/p/search/%EB%B6%80%EC%82%B0%EB%8C%80%20%EB%A7%9B%EC%A7%91/place/1177697289?c=15.00,0,0,0,dh&placePath=/home?entry=bmp&from=map&fromPanelNum=2&timestamp=202508311633&locale=ko&svcName=map_pcv5&searchText=%EB%B6%80%EC%82%B0%EB%8C%80%20%EB%A7%9B%EC%A7%91",0,0,
컬리반스,"",,"https://map.naver.com/p/search/%EB%B6%80%EC%82%B0%EB%8C%80%20%EB%A7%9B%EC%A7%91/place/1194334939?c=15.00,0,0,0,dh&placePath=/home?entry=bmp&from=map&fromPanelNum=2&timestamp=202508311634&locale=ko&svcName=map_pcv5&searchText=%EB%B6%80%EC%82%B0%EB%8C%80%20%EB%A7%9B%EC%A7%91",0,0,
형제식육식당직영점,"",,"https://map.naver.com/p/search/%EB%B6%80%EC%82%B0%EB%8C%80%20%EB%A7%9B%EC%A7%91/place/19695921?c=15.00,0,0,0,dh&placePath=/home?entry=bmp&from=map&fromPanelNum=2&timestamp=202508311635&locale=ko&svcName=map_pcv5&searchText=%EB%B6%80%EC%82%B0%EB%8C%80%20%EB%A7%9B%EC%A7%91",0,0,
혼토스시,"",,"https://map.naver.com/p/search/%EB%B6%80%EC%82%B0%EB%8C%80%20%EB%A7%9B%EC%A7%91/place/1433302514?c=15.00,0,0,0,dh&placePath=/home?entry=bmp&from=map&fromPanelNum=2&timestamp=202508311636&locale=ko&svcName=map_pcv5&searchText=%EB%B6%80%EC%82%B0%EB%8C%80%20%EB%A7%9B%EC%A7%91",0,0,
마라내음,"",,"https://map.naver.com/p/search/%EB%B6%80%EC%82%B0%EB%8C%80%20%EB%A7%9B%EC%A7%91/place/1713971274?c=15.00,0,0,0,dh&placePath=/home?entry=bmp&from=map&fromPanelNum=2&timestamp=202508311637&locale=ko&svcName=map_pcv5&searchText=%EB%B6%80%EC%82%B0%EB%8C%80%20%EB%A7%9B%EC%A7%91",0,0,
전통쑥밀면 부산 본점,"",,"https://map.naver.com/p/search/%EB%B6%80%EC%82%B0%EB%8C%80%20%EB%A7%9B%EC%A7%91/place/16645685?c=15.00,0,0,0,dh&placePath=/home?entry=bmp&from=map&fromPanelNum=2&timestamp=202508311637&locale=ko&svcName=map_pcv5&searchText=%EB%B6%80%EC%82%B0%EB%8C%80%20%EB%A7%9B%EC%A7%91",0,0,
이스탄불,"",,"https://map.naver.com/p/search/%EB%B6%80%EC%82%B0%EB%8C%80%20%EB%A7%9B%EC%A7%91/place/16646859?c=15.00,0,0,0,dh&placePath=/home?entry=bmp&from=map&fromPanelNum=2&timestamp=202508311638&locale=ko&svcName=map_pcv5&searchText=%EB%B6%80%EC%82%B0%EB%8C%80%20%EB%A7%9B%EC%A7%91",0,0,
우마이,"",,"https://map.naver.com/p/search/%EB%B6%80%EC%82%B0%EB%8C%80%20%EB%A7%9B%EC%A7%91/place/1596146458?c=15.00,0,0,0,dh&placePath=/home?entry=bmp&from=map&fromPanelNum=2&timestamp=202508311639&locale=ko&svcName=map_pcv5&searchText=%EB%B6%80%EC%82%B0%EB%8C%80%20%EB%A7%9B%EC%A7%91",0,0,
투썸플레이스 부산대정문점,"",,"https://map.naver.com/p/search/%EB%B6%80%EC%82%B0%EB%8C%80%20%EB%A7%9B%EC%A7%91/place/1455464841?c=15.00,0,0,0,dh&placePath=/home?entry=bmp&from=map&fromPanelNum=2&timestamp=202508311639&locale=ko&svcName=map_pcv5&searchText=%EB%B6%80%EC%82%B0%EB%8C%80%20%EB%A7%9B%EC%A7%91",0,0,
진국명가 부산대점,"",,"https://map.naver.com/p/search/%EB%B6%80%EC%82%B0%EB%8C%80%20%EB%A7%9B%EC%A7%91/place/31608417?c=15.00,0,0,0,dh&placePath=/home?entry=bmp&from=map&fromPanelNum=2&timestamp=202508311639&locale=ko&svcName=map_pcv5&searchText=%EB%B6%80%EC%82%B0%EB%8C%80%20%EB%A7%9B%EC%A7%91",0,0,
호호닭집,"",,"https://map.naver.com/p/search/%EB%B6%80%EC%82%B0%EB%8C%80%20%EB%A7%9B%EC%A7%91/place/16642530?c=15.00,0,0,0,dh&placePath=/home?entry=bmp&from=map&fromPanelNum=2&timestamp=202508311640&locale=ko&svcName=map_pcv5&searchText=%EB%B6%80%EC%82%B0%EB%8C%80%20%EB%A7%9B%EC%A7%91",0,0,
원조할매국밥 부곡점,"",,"https://map.naver.com/p/search/%EB%B6%80%EC%82%B0%EB%8C%80%20%EB%A7%9B%EC%A7%91/place/16901532?c=15.00,0,0,0,dh&placePath=/home?entry=bmp&from=map&fromPanelNum=2&timestamp=202508311640&locale=ko&svcName=map_pcv5&searchText=%EB%B6%80%EC%82%B0%EB%8C%80%20%EB%A7%9B%EC%A7%91",0,0,
하얼빈,"",,"https://map.naver.com/p/search/%EB%B6%80%EC%82%B0%EB%8C%80%20%EB%A7%9B%EC%A7%91/place/1348409261?c=15.00,0,0,0,dh&placePath=/home?entry=bmp&from=map&fromPanelNum=2&timestamp=202508311641&locale=ko&svcName=map_pcv5&searchText=%EB%B6%80%EC%82%B0%EB%8C%80%20%EB%A7%9B%EC%A7%91",0,0,
카페16온스 부산대점,"",,"https://map.naver.com/p/search/%EB%B6%80%EC%82%B0%EB%8C%80%20%EB%A7%9B%EC%A7%91/place/1336778287?c=15.00,0,0,0,dh&placePath=/home?entry=bmp&from=map&fromPanelNum=2&timestamp=202508311642&locale=ko&svcName=map_pcv5&searchText=%EB%B6%80%EC%82%B0%EB%8C%80%20%EB%A7%9B%EC%A7%91",0,0,
유림부대밀면,"",,"https://map.naver.com/p/search/%EB%B6%80%EC%82%B0%EB%8C%80%20%EB%A7%9B%EC%A7%91/place/35117378?c=15.00,0,0,0,dh&placePath=/home?entry=bmp&from=map&fromPanelNum=2&timestamp=202508311643&locale=ko&svcName=map_pcv5&searchText=%EB%B6%80%EC%82%B0%EB%8C%80%20%EB%A7%9B%EC%A7%91",0,0,
통큰집,"",,"https://map.naver.com/p/search/%EB%B6%80%EC%82%B0%EB%8C%80%20%EB%A7%9B%EC%A7%91/place/13005246?c=15.00,0,0,0,dh&placePath=/home?entry=bmp&from=map&fromPanelNum=2&timestamp=202508311643&locale=ko&svcName=map_pcv5&searchText=%EB%B6%80%EC%82%B0%EB%8C%80%20%EB%A7%9B%EC%A7%91",0,0,
ola,"",,"https://map.naver.com/p/search/%EB%B6%80%EC%82%B0%EB%8C%80%20%EB%A7%9B%EC%A7%91/place/1433822376?c=15.00,0,0,0,dh&placePath=/home?entry=bmp&from=map&fromPanelNum=2&timestamp=202508311644&locale=ko&svcName=map_pcv5&searchText=%EB%B6%80%EC%82%B0%EB%8C%80%20%EB%A7%9B%EC%A7%91",0,0,
가거도횟집,"",,"https://map.naver.com/p/search/%EB%B6%80%EC%82%B0%EB%8C%80%20%EB%A7%9B%EC%A7%91/place/32019251?c=15.00,0,0,0,dh&placePath=/home?entry=bmp&from=map&fromPanelNum=2&timestamp=202508311644&locale=ko&svcName=map_pcv5&searchText=%EB%B6%80%EC%82%B0%EB%8C%80%20%EB%A7%9B%EC%A7%91",0,0,
골목,"",,"https://map.naver.com/p/search/%EB%B6%80%EC%82%B0%EB%8C%80%20%EB%A7%9B%EC%A7%91/place/1536390637?c=15.00,0,0,0,dh&placePath=/home?entry=bmp&from=map&fromPanelNum=2&timestamp=202508311645&locale=ko&svcName=map_pcv5&searchText=%EB%B6%80%EC%82%B0%EB%8C%80%20%EB%A7%9B%EC%A7%91",0,0,
유가네닭갈비 부산대점,"",,"https://map.naver.com/p/search/%EB%B6%80%EC%82%B0%EB%8C%80%20%EB%A7%9B%EC%A7%91/place/31927572?c=15.00,0,0,0,dh&placePath=/home?entry=bmp&from=map&fromPanelNum=2&timestamp=202508311646&locale=ko&svcName=map_pcv5&searchText=%EB%B6%80%EC%82%B0%EB%8C%80%20%EB%A7%9B%EC%A7%91",0,0,
홍보석 숯불구이,"",,"https://map.naver.com/p/search/%EB%B6%80%EC%82%B0%EB%8C%80%20%EB%A7%9B%EC%A7%91/place/11666897?c=15.00,0,0,0,dh&placePath=/home?entry=bmp&from=map&fromPanelNum=2&timestamp=202508311647&locale=ko&svcName=map_pcv5&searchText=%EB%B6%80%EC%82%B0%EB%8C%80%20%EB%A7%9B%EC%A7%91",0,0,
칼집삼겹부산대본점,"",,"https://map.naver.com/p/search/%EB%B6%80%EC%82%B0%EB%8C%80%20%EB%A7%9B%EC%A7%91/place/20388918?c=15.00,0,0,0,dh&placePath=/home?entry=bmp&from=map&fromPanelNum=2&timestamp=202508311647&locale=ko&svcName=map_pcv5&searchText=%EB%B6%80%EC%82%B0%EB%8C%80%20%EB%A7%9B%EC%A7%91",0,0,
진가야밀면,"",,"https://map.naver.com/p/search/%EB%B6%80%EC%82%B0%EB%8C%80%20%EB%A7%9B%EC%A7%91/place/1607657128?c=15.00,0,0,0,dh&placePath=/home?entry=bmp&from=map&fromPanelNum=2&timestamp=202508311647&locale=ko&svcName=map_pcv5&searchText=%EB%B6%80%EC%82%B0%EB%8C%80%20%EB%A7%9B%EC%A7%91",0,0,
부산밀면,"",,"https://map.naver.com/p/search/%EB%B6%80%EC%82%B0%EB%8C%80%20%EB%A7%9B%EC%A7%91/place/16644582?c=15.00,0,0,0,dh&placePath=/home?entry=bmp&from=map&fromPanelNum=2&timestamp=202508311650&locale=ko&svcName=map_pcv5&searchText=%EB%B6%80%EC%82%B0%EB%8C%80%20%EB%A7%9B%EC%A7%91",0,0,
지필,"",,"https://map.naver.com/p/search/%EB%B6%80%EC%82%B0%EB%8C%80%20%EB%A7%9B%EC%A7%91/place/1259913221?c=15.00,0,0,0,dh&placePath=/home?entry=bmp&from=map&fromPanelNum=2&timestamp=202508311651&locale=ko&svcName=map_pcv5&searchText=%EB%B6%80%EC%82%B0%EB%8C%80%20%EB%A7%9B%EC%A7%91",0,0,
겐로쿠우동 부산대점,"",,"https://map.naver.com/p/search/%EB%B6%80%EC%82%B0%EB%8C%80%20%EB%A7%9B%EC%A7%91/place/1463485451?c=15.00,0,0,0,dh&placePath=/home?entry=bmp&from=map&fromPanelNum=2&timestamp=202508311651&locale=ko&svcName=map_pcv5&searchText=%EB%B6%80%EC%82%B0%EB%8C%80%20%EB%A7%9B%EC%A7%91",0,0,
카페호밀,"",,"https://map.naver.com/p/search/%EB%B6%80%EC%82%B0%EB%8C%80%20%EB%A7%9B%EC%A7%91/place/1472719811?c=15.00,0,0,0,dh&placePath=/home?entry=bmp&from=map&fromPanelNum=2&timestamp=202508311651&locale=ko&svcName=map_pcv5&searchText=%EB%B6%80%EC%82%B0%EB%8C%80%20%EB%A7%9B%EC%A7%91",0,0,
하마하마베이크하우스,"",,"https://map.naver.com/p/search/%EB%B6%80%EC%82%B0%EB%8C%80%20%EB%A7%9B%EC%A7%91/place/1915068342?c=15.00,0,0,0,dh&placePath=/home?entry=bmp&from=map&fromPanelNum=2&timestamp=202508311652&locale=ko&svcName=map_pcv5&searchText=%EB%B6%80%EC%82%B0%EB%8C%80%20%EB%A7%9B%EC%A7%91",0,0,
365후루룩촌국수,"",,"https://map.naver.com/p/search/%EB%B6%80%EC%82%B0%EB%8C%80%20%EB%A7%9B%EC%A7%91/place/1347293602?c=15.00,0,0,0,dh&placePath=/home?entry=bmp&from=map&fromPanelNum=2&timestamp=202508311652&locale=ko&svcName=map_pcv5&searchText=%EB%B6%80%EC%82%B0%EB%8C%80%20%EB%A7%9B%EC%A7%91",0,0,
카페 도희,"",,"https://map.naver.com/p/search/%EB%B6%80%EC%82%B0%EB%8C%80%20%EB%A7%9B%EC%A7%91/place/1403054334?c=15.00,0,0,0,dh&placePath=/home?entry=bmp&from=map&fromPanelNum=2&timestamp=202508311653&locale=ko&svcName=map_pcv5&searchText=%EB%B6%80%EC%82%B0%EB%8C%80%20%EB%A7%9B%EC%A7%91",0,0,
지리돈 온천장 본점,"",,"https://map.naver.com/p/search/%EB%B6%80%EC%82%B0%EB%8C%80%20%EB%A7%9B%EC%A7%91/place/1463738774?c=15.00,0,0,0,dh&placePath=/home?entry=bmp&from=map&fromPanelNum=2&timestamp=202508311654&locale=ko&svcName=map_pcv5&searchText=%EB%B6%80%EC%82%B0%EB%8C%80%20%EB%A7%9B%EC%A7%91",0,0,
장전동회수산센터,"",,"https://map.naver.com/p/search/%EB%B6%80%EC%82%B0%EB%8C%80%20%EB%A7%9B%EC%A7%91/place/1482808456?c=15.00,0,0,0,dh&placePath=/home?entry=bmp&from=map&fromPanelNum=2&timestamp=202508311655&locale=ko&svcName=map_pcv5&searchText=%EB%B6%80%EC%82%B0%EB%8C%80%20%EB%A7%9B%EC%A7%91",0,0,
타임앤드플레이스,"",,"https://map.naver.com/p/search/%EB%B6%80%EC%82%B0%EB%8C%80%20%EB%A7%9B%EC%A7%91/place/1439153894?c=15.00,0,0,0,dh&placePath=/home?entry=bmp&from=map&fromPanelNum=2&timestamp=202508311655&locale=ko&svcName=map_pcv5&searchText=%EB%B6%80%EC%82%B0%EB%8C%80%20%EB%A7%9B%EC%A7%91",0,0,
정성식당,"",,"https://map.naver.com/p/search/%EB%B6%80%EC%82%B0%EB%8C%80%20%EB%A7%9B%EC%A7%91/place/34160546?c=15.00,0,0,0,dh&placePath=/home?entry=bmp&from=map&fromPanelNum=2&timestamp=202508311655&locale=ko&svcName=map_pcv5&searchText=%EB%B6%80%EC%82%B0%EB%8C%80%20%EB%A7%9B%EC%A7%91",0,0,
원조밀면,"",,"https://map.naver.com/p/search/%EB%B6%80%EC%82%B0%EB%8C%80%20%EB%A7%9B%EC%A7%91/place/19688591?c=15.00,0,0,0,dh&placePath=/home?entry=bmp&from=map&fromPanelNum=2&timestamp=202508311656&locale=ko&svcName=map_pcv5&searchText=%EB%B6%80%EC%82%B0%EB%8C%80%20%EB%A7%9B%EC%A7%91",0,0,
탕화쿵푸마라탕 부산대점,"",,"https://map.naver.com/p/search/%EB%B6%80%EC%82%B0%EB%8C%80%20%EB%A7%9B%EC%A7%91/place/1592483909?c=15.00,0,0,0,dh&placePath=/home?entry=bmp&from=map&fromPanelNum=2&timestamp=202508311657&locale=ko&svcName=map_pcv5&searchText=%EB%B6%80%EC%82%B0%EB%8C%80%20%EB%A7%9B%EC%A7%91",0,0,
카페반디나무 부산대점,"",,"https://map.naver.com/p/search/%EB%B6%80%EC%82%B0%EB%8C%80%20%EB%A7%9B%EC%A7%91/place/34043773?c=15.00,0,0,0,dh&placePath=/home?entry=bmp&from=map&fromPanelNum=2&timestamp=202508311657&locale=ko&svcName=map_pcv5&searchText=%EB%B6%80%EC%82%B0%EB%8C%80%20%EB%A7%9B%EC%A7%91",0,0,
파리바게뜨 부산대역점,"",,"https://map.naver.com/p/search/%EB%B6%80%EC%82%B0%EB%8C%80%20%EB%A7%9B%EC%A7%91/place/16636191?c=15.00,0,0,0,dh&placePath=/home?entry=bmp&from=map&fromPanelNum=2&timestamp=202508311658&locale=ko&svcName=map_pcv5&searchText=%EB%B6%80%EC%82%B0%EB%8C%80%20%EB%A7%9B%EC%A7%91",0,0,
노모어피자 부산대점,"",,"https://map.naver.com/p/search/%EB%B6%80%EC%82%B0%EB%8C%80%20%EB%A7%9B%EC%A7%91/place/1987477742?c=15.00,0,0,0,dh&placePath=%3Fentry%253Dbmp",0,0,
파파존스 부산대점,"",,"https://map.naver.com/p/search/%EB%B6%80%EC%82%B0%EB%8C%80%20%EB%A7%9B%EC%A7%91/place/36854379?c=15.00,0,0,0,dh&placePath=/home?entry=bmp&from=map&fromPanelNum=2&timestamp=202508311659&locale=ko&svcName=map_pcv5&searchText=%EB%B6%80%EC%82%B0%EB%8C%80%20%EB%A7%9B%EC%A7%91",0,0,
빼어날수연어 부산대점,"",,"https://map.naver.com/p/search/%EB%B6%80%EC%82%B0%EB%8C%80%20%EB%A7%9B%EC%A7%91/place/1618726793?c=15.00,0,0,0,dh&placePath=/home?entry=bmp&from=map&fromPanelNum=2&timestamp=202508311701&locale=ko&svcName=map_pcv5&searchText=%EB%B6%80%EC%82%B0%EB%8C%80%20%EB%A7%9B%EC%A7%91",0,0,
춘리마라탕 부산장전점,"",,"https://map.naver.com/p/search/%EB%B6%80%EC%82%B0%EB%8C%80%20%EB%A7%9B%EC%A7%91/place/1956823995?c=15.00,0,0,0,dh&placePath=/home?entry=bmp&from=map&fromPanelNum=2&timestamp=202508311702&locale=ko&svcName=map_pcv5&searchText=%EB%B6%80%EC%82%B0%EB%8C%80%20%EB%A7%9B%EC%A7%91",0,0,
카페민,"",,"https://map.naver.com/p/search/%EB%B6%80%EC%82%B0%EB%8C%80%20%EB%A7%9B%EC%A7%91/place/1894339964?c=15.00,0,0,0,dh&placePath=/home?entry=bmp&from=map&fromPanelNum=2&timestamp=202508311703&locale=ko&svcName=map_pcv5&searchText=%EB%B6%80%EC%82%B0%EB%8C%80%20%EB%A7%9B%EC%A7%91",0,0,
와플대학 부산대캠퍼스,"",,"https://map.naver.com/p/search/%EB%B6%80%EC%82%B0%EB%8C%80%20%EB%A7%9B%EC%A7%91/place/1063053336?c=15.00,0,0,0,dh&placePath=/home?entry=bmp&from=map&fromPanelNum=2&timestamp=202508311704&locale=ko&svcName=map_pcv5&searchText=%EB%B6%80%EC%82%B0%EB%8C%80%20%EB%A7%9B%EC%A7%91",0,0,
가야공원돼지국밥 부산대점,"",,"https://map.naver.com/p/search/%EB%B6%80%EC%82%B0%EB%8C%80%20%EB%A7%9B%EC%A7%91/place/16890824?c=15.00,0,0,0,dh&placePath=/home?entry=bmp&from=map&fromPanelNum=2&timestamp=202508311705&locale=ko&svcName=map_pcv5&searchText=%EB%B6%80%EC%82%B0%EB%8C%80%20%EB%A7%9B%EC%A7%91",0,0,
코노지,"",,"https://map.naver.com/p/search/%EB%B6%80%EC%82%B0%EB%8C%80%20%EB%A7%9B%EC%A7%91/place/1908504121?c=15.00,0,0,0,dh&placePath=/home?entry=bmp&n_ad_group_type=10&n_query=%EB%B6%80%EC%82%B0%EB%8C%80%EB%A7%9B%EC%A7%91&from=map&fromPanelNum=2&timestamp=202508311559&locale=ko&svcName=map_pcv5&searchText=%EB%B6%80%EC%82%B0%EB%8C%80%20%EB%A7%9B%EC%A7%91",0,0,
홍보석 숯불구이,"",,"https://map.naver.com/p/search/%EB%B6%80%EC%82%B0%EB%8C%80%20%EB%A7%9B%EC%A7%91/place/11666897?c=15.00,0,0,0,dh&placePath=/home?entry=bmp&n_ad_group_type=10&n_query=%EB%B6%80%EC%82%B0%EB%8C%80%EB%A7%9B%EC%A7%91&from=map&fromPanelNum=2&timestamp=202508311559&locale=ko&svcName=map_pcv5&searchText=%EB%B6%80%EC%82%B0%EB%8C%80%20%EB%A7%9B%EC%A7%91",0,0,
거창맷돌 본점,"",,"https://map.naver.com/p/search/%EB%B6%80%EC%82%B0%EB%8C%80%20%EB%A7%9B%EC%A7%91/place/16902373?c=15.00,0,0,0,dh&placePath=/home?entry=bmp&from=map&fromPanelNum=2&timestamp=202508311559&locale=ko&svcName=map_pcv5&searchText=%EB%B6%80%EC%82%B0%EB%8C%80%20%EB%A7%9B%EC%A7%91",0,0,
부산대 포맨티코 본점,"",,"https://map.naver.com/p/search/%EB%B6%80%EC%82%B0%EB%8C%80%20%EB%A7%9B%EC%A7%91/place/1420568443?c=15.00,0,0,0,dh&placePath=/home?entry=bmp&from=map&fromPanelNum=2&timestamp=202508311559&locale=ko&svcName=map_pcv5&searchText=%EB%B6%80%EC%82%B0%EB%8C%80%20%EB%A7%9B%EC%A7%91",0,0,
효원우곱,"",,"https://map.naver.com/p/search/%EB%B6%80%EC%82%B0%EB%8C%80%20%EB%A7%9B%EC%A7%91/place/1841098695?c=15.00,0,0,0,dh&placePath=/home?entry=bmp&from=map&fromPanelNum=2&timestamp=202508311559&locale=ko&svcName=map_pcv5&searchText=%EB%B6%80%EC%82%B0%EB%8C%80%20%EB%A7%9B%EC%A7%91",0,0,
만서리 이가네 막국수 본점,"",,"https://map.naver.com/p/search/%EB%B6%80%EC%82%B0%EB%8C%80%20%EB%A7%9B%EC%A7%91/place/21710765?c=15.00,0,0,0,dh&placePath=/home?entry=bmp&from=map&fromPanelNum=2&timestamp=202508311559&locale=ko&svcName=map_pcv5&searchText=%EB%B6%80%EC%82%B0%EB%8C%80%20%EB%A7%9B%EC%A7%91",0,0,
부막숯불닭갈비 부산대점,"",,"https://map.naver.com/p/search/%EB%B6%80%EC%82%B0%EB%8C%80%20%EB%A7%9B%EC%A7%91/place/1003637302?c=15.00,0,0,0,dh&placePath=/home?entry=bmp&from=map&fromPanelNum=2&timestamp=202508311559&locale=ko&svcName=map_pcv5&searchText=%EB%B6%80%EC%82%B0%EB%8C%80%20%EB%A7%9B%EC%A7%91",0,0,
효원주가,"",,"https://map.naver.com/p/search/%EB%B6%80%EC%82%B0%EB%8C%80%20%EB%A7%9B%EC%A7%91/place/1630393521?c=15.00,0,0,0,dh&placePath=/home?entry=bmp&from=map&fromPanelNum=2&timestamp=202508311559&locale=ko&svcName=map_pcv5&searchText=%EB%B6%80%EC%82%B0%EB%8C%80%20%EB%A7%9B%EC%A7%91",0,0,
서빙고본점,"",,"https://map.naver.com/p/search/%EB%B6%80%EC%82%B0%EB%8C%80%20%EB%A7%9B%EC%A7%91/place/34665985?c=15.00,0,0,0,dh&placePath=/home?entry=bmp&from=map&fromPanelNum=2&timestamp=202508311559&locale=ko&svcName=map_pcv5&searchText=%EB%B6%80%EC%82%B0%EB%8C%80%20%EB%A7%9B%EC%A7%91",0,0,
이흥용과자점 부산대직영점,"",,"https://map.naver.com/p/search/%EB%B6%80%EC%82%B0%EB%8C%80%20%EB%A7%9B%EC%A7%91/place/1584126913?c=15.00,0,0,0,dh&placePath=/home?entry=bmp&from=map&fromPanelNum=2&timestamp=202508311559&locale=ko&svcName=map_pcv5&searchText=%EB%B6%80%EC%82%B0%EB%8C%80%20%EB%A7%9B%EC%A7%91",0,0,
보노베리 본점,"",,"https://map.naver.com/p/search/%EB%B6%80%EC%82%B0%EB%8C%80%20%EB%A7%9B%EC%A7%91/place/722313262?c=15.00,0,0,0,dh&placePath=/home?entry=bmp&from=map&fromPanelNum=2&timestamp=202508311559&locale=ko&svcName=map_pcv5&searchText=%EB%B6%80%EC%82%B0%EB%8C%80%20%EB%A7%9B%EC%A7%91",0,0,
샤브20 부산금정점,"",,"https://map.naver.com/p/search/%EB%B6%80%EC%82%B0%EB%8C%80%20%EB%A7%9B%EC%A7%91/place/1774935884?c=15.00,0,0,0,dh&placePath=/home?entry=bmp&from=map&fromPanelNum=2&timestamp=202508311559&locale=ko&svcName=map_pcv5&searchText=%EB%B6%80%EC%82%B0%EB%8C%80%20%EB%A7%9B%EC%A7%91",0,0,
모모후,"",,"https://map.naver.com/p/search/%EB%B6%80%EC%82%B0%EB%8C%80%20%EB%A7%9B%EC%A7%91/place/1862526886?c=15.00,0,0,0,dh&placePath=/home?entry=bmp&n_ad_group_type=10&n_query=%EB%B6%80%EC%82%B0%EB%8C%80%EB%A7%9B%EC%A7%91&from=map&fromPanelNum=2&timestamp=202508311559&locale=ko&svcName=map_pcv5&searchText=%EB%B6%80%EC%82%B0%EB%8C%80%20%EB%A7%9B%EC%A7%91",0,0,
빼어날수연어 부산대점,"",,"https://map.naver.com/p/search/%EB%B6%80%EC%82%B0%EB%8C%80%20%EB%A7%9B%EC%A7%91/place/1618726793?c=15.00,0,0,0,dh&placePath=/home?entry=bmp&n_ad_group_type=10&n_query=%EB%B6%80%EC%82%B0%EB%8C%80%EB%A7%9B%EC%A7%91&from=map&fromPanelNum=2&timestamp=202508311559&locale=ko&svcName=map_pcv5&searchText=%EB%B6%80%EC%82%B0%EB%8C%80%20%EB%A7%9B%EC%A7%91",0,0,
포포포 부산대본점,"",,"https://map.naver.com/p/search/%EB%B6%80%EC%82%B0%EB%8C%80%20%EB%A7%9B%EC%A7%91/place/1257247244?c=15.00,0,0,0,dh&placePath=/home?entry=bmp&from=map&fromPanelNum=2&timestamp=202508311559&locale=ko&svcName=map_pcv5&searchText=%EB%B6%80%EC%82%B0%EB%8C%80%20%EB%A7%9B%EC%A7%91",0,0,
맛나감자탕 부산대점,"",,"https://map.naver.com/p/search/%EB%B6%80%EC%82%B0%EB%8C%80%20%EB%A7%9B%EC%A7%91/place/33217532?c=15.00,0,0,0,dh&placePath=/home?entry=bmp&from=map&fromPanelNum=2&timestamp=202508311559&locale=ko&svcName=map_pcv5&searchText=%EB%B6%80%EC%82%B0%EB%8C%80%20%EB%A7%9B%EC%A7%91",0,0,
분잉,"",,"https://map.naver.com/p/search/%EB%B6%80%EC%82%B0%EB%8C%80%20%EB%A7%9B%EC%A7%91/place/1237092833?c=15.00,0,0,0,dh&placePath=/home?entry=bmp&from=map&fromPanelNum=2&timestamp=202508311559&locale=ko&svcName=map_pcv5&searchText=%EB%B6%80%EC%82%B0%EB%8C%80%20%EB%A7%9B%EC%A7%91",0,0,
톤쇼우,"",,"https://map.naver.com/p/search/%EB%B6%80%EC%82%B0%EB%8C%80%20%EB%A7%9B%EC%A7%91/place/1539507827?c=15.00,0,0,0,dh&placePath=/home?entry=bmp&from=map&fromPanelNum=2&timestamp=202508311559&locale=ko&svcName=map_pcv5&searchText=%EB%B6%80%EC%82%B0%EB%8C%80%20%EB%A7%9B%EC%A7%91",0,0,
스시심타카이,"",,"https://map.naver.com/p/search/%EB%B6%80%EC%82%B0%EB%8C%80%20%EB%A7%9B%EC%A7%91/place/1814706604?c=15.00,0,0,0,dh&placePath=/home?entry=bmp&from=map&fromPanelNum=2&timestamp=202508311600&locale=ko&svcName=map_pcv5&searchText=%EB%B6%80%EC%82%B0%EB%8C%80%20%EB%A7%9B%EC%A7%91",0,0,
교토밥상,"",,"https://map.naver.com/p/search/%EB%B6%80%EC%82%B0%EB%8C%80%20%EB%A7%9B%EC%A7%91/place/946038637?c=15.00,0,0,0,dh&placePath=/home?entry=bmp&from=map&fromPanelNum=2&timestamp=202508311600&locale=ko&svcName=map_pcv5&searchText=%EB%B6%80%EC%82%B0%EB%8C%80%20%EB%A7%9B%EC%A7%91",0,0,
수림식당 부산대점,"",,"https://map.naver.com/p/search/%EB%B6%80%EC%82%B0%EB%8C%80%20%EB%A7%9B%EC%A7%91/place/1487029633?c=15.00,0,0,0,dh&placePath=/home?entry=bmp&from=map&fromPanelNum=2&timestamp=202508311600&locale=ko&svcName=map_pcv5&searchText=%EB%B6%80%EC%82%B0%EB%8C%80%20%EB%A7%9B%EC%A7%91",0,0,
어가 가이텐스시,"",,"https://map.naver.com/p/search/%EB%B6%80%EC%82%B0%EB%8C%80%20%EB%A7%9B%EC%A7%91/place/1816500678?c=15.00,0,0,0,dh&placePath=/home?entry=bmp&from=map&fromPanelNum=2&timestamp=202508311600&locale=ko&svcName=map_pcv5&searchText=%EB%B6%80%EC%82%B0%EB%8C%80%20%EB%A7%9B%EC%A7%91",0,0,
그집짬뽕0927 부산대점,"",,"https://map.naver.com/p/search/%EB%B6%80%EC%82%B0%EB%8C%80%20%EB%A7%9B%EC%A7%91/place/1572637966?c=15.00,0,0,0,dh&placePath=/home?entry=bmp&from=map&fromPanelNum=2&timestamp=202508311600&locale=ko&svcName=map_pcv5&searchText=%EB%B6%80%EC%82%B0%EB%8C%80%20%EB%A7%9B%EC%A7%91",0,0,
지대루참숯왕소금구이,"",,"https://map.naver.com/p/search/%EB%B6%80%EC%82%B0%EB%8C%80%20%EB%A7%9B%EC%A7%91/place/16889047?c=15.00,0,0,0,dh&placePath=/home?entry=bmp&from=map&fromPanelNum=2&timestamp=202508311600&locale=ko&svcName=map_pcv5&searchText=%EB%B6%80%EC%82%B0%EB%8C%80%20%EB%A7%9B%EC%A7%91",0,0,
부막숯불닭갈비 부산대점,"",,"https://map.naver.com/p/search/%EB%B6%80%EC%82%B0%EB%8C%80%20%EB%A7%9B%EC%A7%91/place/1003637302?c=15.00,0,0,0,dh&placePath=/home?entry=bmp&n_ad_group_type=10&n_query=%EB%B6%80%EC%82%B0%EB%8C%80%EB%A7%9B%EC%A7%91&from=map&fromPanelNum=2&timestamp=202508311600&locale=ko&svcName=map_pcv5&searchText=%EB%B6%80%EC%82%B0%EB%8C%80%20%EB%A7%9B%EC%A7%91",0,0,
일가인 우리집,"",,"https://map.naver.com/p/search/%EB%B6%80%EC%82%B0%EB%8C%80%20%EB%A7%9B%EC%A7%91/place/1128798856?c=15.00,0,0,0,dh&placePath=/home?entry=bmp&from=map&fromPanelNum=2&timestamp=202508311601&locale=ko&svcName=map_pcv5&searchText=%EB%B6%80%EC%82%B0%EB%8C%80%20%EB%A7%9B%EC%A7%91",0,0,
키노,"",,"https://map.naver.com/p/search/%EB%B6%80%EC%82%B0%EB%8C%80%20%EB%A7%9B%EC%A7%91/place/1525283898?c=15.00,0,0,0,dh&placePath=/home?entry=bmp&n_ad_group_type=10&n_query=%EB%B6%80%EC%82%B0%EB%8C%80%EB%A7%9B%EC%A7%91&from=map&fromPanelNum=2&timestamp=202508311600&locale=ko&svcName=map_pcv5&searchText=%EB%B6%80%EC%82%B0%EB%8C%80%20%EB%A7%9B%EC%A7%91",0,0,
스나쿠 부산대,"",,"https://map.naver.com/p/search/%EB%B6%80%EC%82%B0%EB%8C%80%20%EB%A7%9B%EC%A7%91/place/1573494989?c=15.00,0,0,0,dh&placePath=/home?entry=bmp&from=map&fromPanelNum=2&timestamp=202508311600&locale=ko&svcName=map_pcv5&searchText=%EB%B6%80%EC%82%B0%EB%8C%80%20%EB%A7%9B%EC%A7%91",0,0,
유로드밀,"",,"https://map.naver.com/p/search/%EB%B6%80%EC%82%B0%EB%8C%80%20%EB%A7%9B%EC%A7%91/place/1802088866?c=15.00,0,0,0,dh&placePath=/home?entry=bmp&from=map&fromPanelNum=2&timestamp=202508311600&locale=ko&svcName=map_pcv5&searchText=%EB%B6%80%EC%82%B0%EB%8C%80%20%EB%A7%9B%EC%A7%91",0,0,
애슐리퀸즈 NC 부산대점,"",,"https://map.naver.com/p/search/%EB%B6%80%EC%82%B0%EB%8C%80%20%EB%A7%9B%EC%A7%91/place/21273878?c=15.00,0,0,0,dh&placePath=/home?entry=bmp&from=map&fromPanelNum=2&timestamp=202508311600&locale=ko&svcName=map_pcv5&searchText=%EB%B6%80%EC%82%B0%EB%8C%80%20%EB%A7%9B%EC%A7%91",0,0,
코타츠 부산대본점,"",,"https://map.naver.com/p/search/%EB%B6%80%EC%82%B0%EB%8C%80%20%EB%A7%9B%EC%A7%91/place/1809050602?c=15.00,0,0,0,dh&placePath=/home?entry=bmp&from=map&fromPanelNum=2&timestamp=202508311600&locale=ko&svcName=map_pcv5&searchText=%EB%B6%80%EC%82%B0%EB%8C%80%20%EB%A7%9B%EC%A7%91",0,0,
라이크댓커피,"",,"https://map.naver.com/p/search/%EB%B6%80%EC%82%B0%EB%8C%80%20%EB%A7%9B%EC%A7%91/place/1082971610?c=15.00,0,0,0,dh&placePath=/home?entry=bmp&from=map&fromPanelNum=2&timestamp=202508311600&locale=ko&svcName=map_pcv5&searchText=%EB%B6%80%EC%82%B0%EB%8C%80%20%EB%A7%9B%EC%A7%91",0,0,
유수베이커리 본점,"",,"https://map.naver.com/p/search/%EB%B6%80%EC%82%B0%EB%8C%80%20%EB%A7%9B%EC%A7%91/place/1128627027?c=15.00,0,0,0,dh&placePath=/home?entry=bmp&from=map&fromPanelNum=2&timestamp=202508311600&locale=ko&svcName=map_pcv5&searchText=%EB%B6%80%EC%82%B0%EB%8C%80%20%EB%A7%9B%EC%A7%91",0,0,
Etalee,"",,"https://map.naver.com/p/search/%EB%B6%80%EC%82%B0%EB%8C%80%20%EB%A7%9B%EC%A7%91/place/1477126367?c=15.00,0,0,0,dh&placePath=/home?entry=bmp&from=map&fromPanelNum=2&timestamp=202508311600&locale=ko&svcName=map_pcv5&searchText=%EB%B6%80%EC%82%B0%EB%8C%80%20%EB%A7%9B%EC%A7%91",0,0,
키노,"",,"https://map.naver.com/p/search/%EB%B6%80%EC%82%B0%EB%8C%80%20%EB%A7%9B%EC%A7%91/place/1525283898?c=15.00,0,0,0,dh&placePath=/home?entry=bmp&from=map&fromPanelNum=2&timestamp=202508311600&locale=ko&svcName=map_pcv5&searchText=%EB%B6%80%EC%82%B0%EB%8C%80%20%EB%A7%9B%EC%A7%91",0,0,
도미노피자 부산대점,"",,"https://map.naver.com/p/search/%EB%B6%80%EC%82%B0%EB%8C%80%20%EB%A7%9B%EC%A7%91/place/11784049?c=15.00,0,0,0,dh&placePath=/home?entry=bmp&from=map&fromPanelNum=2&timestamp=202508311600&locale=ko&svcName=map_pcv5&searchText=%EB%B6%80%EC%82%B0%EB%8C%80%20%EB%A7%9B%EC%A7%91",0,0,
뉴숯불통닭 본점,"",,"https://map.naver.com/p/search/%EB%B6%80%EC%82%B0%EB%8C%80%20%EB%A7%9B%EC%A7%91/place/1060479897?c=15.00,0,0,0,dh&placePath=/home?entry=bmp&from=map&fromPanelNum=2&timestamp=202508311600&locale=ko&svcName=map_pcv5&searchText=%EB%B6%80%EC%82%B0%EB%8C%80%20%EB%A7%9B%EC%A7%91",0,0,
부산대 매일꽃돈,"",,"https://map.naver.com/p/search/%EB%B6%80%EC%82%B0%EB%8C%80%20%EB%A7%9B%EC%A7%91/place/1233754447?c=15.00,0,0,0,dh&placePath=/home?entry=bmp&n_ad_group_type=10&n_query=%EB%B6%80%EC%82%B0%EB%8C%80%EB%A7%9B%EC%A7%91&from=map&fromPanelNum=2&timestamp=202508311601&locale=ko&svcName=map_pcv5&searchText=%EB%B6%80%EC%82%B0%EB%8C%80%20%EB%A7%9B%EC%A7%91",0,0,
부들파이터 부산대점,"",,"https://map.naver.com/p/search/%EB%B6%80%EC%82%B0%EB%8C%80%20%EB%A7%9B%EC%A7%91/place/1776248007?c=15.00,0,0,0,dh&placePath=/home?entry=bmp&n_ad_group_type=10&n_query=%EB%B6%80%EC%82%B0%EB%8C%80%EB%A7%9B%EC%A7%91&from=map&fromPanelNum=2&timestamp=202508311601&locale=ko&svcName=map_pcv5&searchText=%EB%B6%80%EC%82%B0%EB%8C%80%20%EB%A7%9B%EC%A7%91",0,0,
몽벨쉘터 부산대점,"",,"https://map.naver.com/p/search/%EB%B6%80%EC%82%B0%EB%8C%80%20%EB%A7%9B%EC%A7%91/place/1305923991?c=15.00,0,0,0,dh&placePath=/home?entry=bmp&from=map&fromPanelNum=2&timestamp=202508311601&locale=ko&svcName=map_pcv5&searchText=%EB%B6%80%EC%82%B0%EB%8C%80%20%EB%A7%9B%EC%A7%91",0,0,
진진일품물횟집,"",,"https://map.naver.com/p/search/%EB%B6%80%EC%82%B0%EB%8C%80%20%EB%A7%9B%EC%A7%91/place/34922875?c=15.00,0,0,0,dh&placePath=/home?entry=bmp&from=map&fromPanelNum=2&timestamp=202508311601&locale=ko&svcName=map_pcv5&searchText=%EB%B6%80%EC%82%B0%EB%8C%80%20%EB%A7%9B%EC%A7%91",0,0,
갓지동 부산장전점,"",,"https://map.naver.com/p/search/%EB%B6%80%EC%82%B0%EB%8C%80%20%EB%A7%9B%EC%A7%91/place/1687847694?c=15.00,0,0,0,dh&placePath=/home?entry=bmp&from=map&fromPanelNum=2&timestamp=202508311601&locale=ko&svcName=map_pcv5&searchText=%EB%B6%80%EC%82%B0%EB%8C%80%20%EB%A7%9B%EC%A7%91",0,0,
육일횟집,"",,"https://map.naver.com/p/search/%EB%B6%80%EC%82%B0%EB%8C%80%20%EB%A7%9B%EC%A7%91/place/16510873?c=15.00,0,0,0,dh&placePath=/home?entry=bmp&from=map&fromPanelNum=2&timestamp=202508311601&locale=ko&svcName=map_pcv5&searchText=%EB%B6%80%EC%82%B0%EB%8C%80%20%EB%A7%9B%EC%A7%91",0,0,
자마미등갈비,"",,"https://map.naver.com/p/search/%EB%B6%80%EC%82%B0%EB%8C%80%20%EB%A7%9B%EC%A7%91/place/1574639046?c=15.00,0,0,0,dh&placePath=/home?entry=bmp&from=map&fromPanelNum=2&timestamp=202508311601&locale=ko&svcName=map_pcv5&searchText=%EB%B6%80%EC%82%B0%EB%8C%80%20%EB%A7%9B%EC%A7%91",0,0,
이태리삼촌,"",,"https://map.naver.com/p/search/%EB%B6%80%EC%82%B0%EB%8C%80%20%EB%A7%9B%EC%A7%91/place/675571204?c=15.00,0,0,0,dh&placePath=/home?entry=bmp&from=map&fromPanelNum=2&timestamp=202508311601&locale=ko&svcName=map_pcv5&searchText=%EB%B6%80%EC%82%B0%EB%8C%80%20%EB%A7%9B%EC%A7%91",0,0,
코하루,"",,"https://map.naver.com/p/search/%EB%B6%80%EC%82%B0%EB%8C%80%20%EB%A7%9B%EC%A7%91/place/35907835?c=15.00,0,0,0,dh&placePath=/home?entry=bmp&from=map&fromPanelNum=2&timestamp=202508311601&locale=ko&svcName=map_pcv5&searchText=%EB%B6%80%EC%82%B0%EB%8C%80%20%EB%A7%9B%EC%A7%91",0,0,
서문국수,"",,"https://map.naver.com/p/search/%EB%B6%80%EC%82%B0%EB%8C%80%20%EB%A7%9B%EC%A7%91/place/1696919094?c=15.00,0,0,0,dh&placePath=/home?entry=bmp&from=map&fromPanelNum=2&timestamp=202508311601&locale=ko&svcName=map_pcv5&searchText=%EB%B6%80%EC%82%B0%EB%8C%80%20%EB%A7%9B%EC%A7%91",0,0,
남썬 치킨 부산대점,"",,"https://map.naver.com/p/search/%EB%B6%80%EC%82%B0%EB%8C%80%20%EB%A7%9B%EC%A7%91/place/1179405493?c=15.00,0,0,0,dh&placePath=/home?entry=bmp&n_ad_group_type=10&n_query=%EB%B6%80%EC%82%B0%EB%8C%80%EB%A7%9B%EC%A7%91&from=map&fromPanelNum=2&timestamp=202508311601&locale=ko&svcName=map_pcv5&searchText=%EB%B6%80%EC%82%B0%EB%8C%80%20%EB%A7%9B%EC%A7%91",0,0,
부산대 포맨티코 본점,"",,"https://map.naver.com/p/search/%EB%B6%80%EC%82%B0%EB%8C%80%20%EB%A7%9B%EC%A7%91/place/1420568443?c=15.00,0,0,0,dh&placePath=/home?entry=bmp&n_ad_group_type=10&n_query=%EB%B6%80%EC%82%B0%EB%8C%80%EB%A7%9B%EC%A7%91&from=map&fromPanelNum=2&timestamp=202508311601&locale=ko&svcName=map_pcv5&searchText=%EB%B6%80%EC%82%B0%EB%8C%80%20%EB%A7%9B%EC%A7%91",0,0,
소사베이커리,"",,"https://map.naver.com/p/search/%EB%B6%80%EC%82%B0%EB%8C%80%20%EB%A7%9B%EC%A7%91/place/1947956771?c=15.00,0,0,0,dh&placePath=/home?entry=bmp&from=map&fromPanelNum=2&timestamp=202508311601&locale=ko&svcName=map_pcv5&searchText=%EB%B6%80%EC%82%B0%EB%8C%80%20%EB%A7%9B%EC%A7%91",0,0,
동동국밥 부산대점,"",,"https://map.naver.com/p/search/%EB%B6%80%EC%82%B0%EB%8C%80%20%EB%A7%9B%EC%A7%91/place/1992474296?c=15.00,0,0,0,dh&placePath=/home?entry=bmp&from=map&fromPanelNum=2&timestamp=202508311601&locale=ko&svcName=map_pcv5&searchText=%EB%B6%80%EC%82%B0%EB%8C%80%20%EB%A7%9B%EC%A7%91",0,0,
청화백돼지국밥 부곡본점,"",,"https://map.naver.com/p/search/%EB%B6%80%EC%82%B0%EB%8C%80%20%EB%A7%9B%EC%A7%91/place/1190876646?c=15.00,0,0,0,dh&placePath=/home?entry=bmp&from=map&fromPanelNum=2&timestamp=202508311602&locale=ko&svcName=map_pcv5&searchText=%EB%B6%80%EC%82%B0%EB%8C%80%20%EB%A7%9B%EC%A7%91",0,0,
나오리쇼쿠,"",,"https://map.naver.com/p/search/%EB%B6%80%EC%82%B0%EB%8C%80%20%EB%A7%9B%EC%A7%91/place/1228609331?c=15.00,0,0,0,dh&placePath=/home?entry=bmp&from=map&fromPanelNum=2&timestamp=202508311602&locale=ko&svcName=map_pcv5&searchText=%EB%B6%80%EC%82%B0%EB%8C%80%20%EB%A7%9B%EC%A7%91",0,0,
부들파이터 부산대점,"",,"https://map.naver.com/p/search/%EB%B6%80%EC%82%B0%EB%8C%80%20%EB%A7%9B%EC%A7%91/place/1776248007?c=15.00,0,0,0,dh&placePath=/home?entry=bmp&from=map&fromPanelNum=2&timestamp=202508311602&locale=ko&svcName=map_pcv5&searchText=%EB%B6%80%EC%82%B0%EB%8C%80%20%EB%A7%9B%EC%A7%91",0,0,
도야지면옥 본점,"",,"https://map.naver.com/p/search/%EB%B6%80%EC%82%B0%EB%8C%80%20%EB%A7%9B%EC%A7%91/place/401694921?c=15.00,0,0,0,dh&placePath=/home?entry=bmp&from=map&fromPanelNum=2&timestamp=202508311602&locale=ko&svcName=map_pcv5&searchText=%EB%B6%80%EC%82%B0%EB%8C%80%20%EB%A7%9B%EC%A7%91",0,0,
칼맛나는푸짐한횟집,"",,"https://map.naver.com/p/search/%EB%B6%80%EC%82%B0%EB%8C%80%20%EB%A7%9B%EC%A7%91/place/16887605?c=15.00,0,0,0,dh&placePath=/home?entry=bmp&from=map&fromPanelNum=2&timestamp=202508311602&locale=ko&svcName=map_pcv5&searchText=%EB%B6%80%EC%82%B0%EB%8C%80%20%EB%A7%9B%EC%A7%91",0,0,
수림식당 본점,"",,"https://map.naver.com/p/search/%EB%B6%80%EC%82%B0%EB%8C%80%20%EB%A7%9B%EC%A7%91/place/1668119469?c=15.00,0,0,0,dh&placePath=/home?entry=bmp&from=map&fromPanelNum=2&timestamp=202508311602&locale=ko&svcName=map_pcv5&searchText=%EB%B6%80%EC%82%B0%EB%8C%80%20%EB%A7%9B%EC%A7%91",0,0,
박만석 돼지곰탕 온천직영점,"",,"https://map.naver.com/p/search/%EB%B6%80%EC%82%B0%EB%8C%80%20%EB%A7%9B%EC%A7%91/place/1219355742?c=15.00,0,0,0,dh&placePath=/home?entry=bmp&from=map&fromPanelNum=2&timestamp=202508311602&locale=ko&svcName=map_pcv5&searchText=%EB%B6%80%EC%82%B0%EB%8C%80%20%EB%A7%9B%EC%A7%91",0,0,
송스베이커리,"",,"https://map.naver.com/p/search/%EB%B6%80%EC%82%B0%EB%8C%80%20%EB%A7%9B%EC%A7%91/place/1469182560?c=15.00,0,0,0,dh&placePath=/home?entry=bmp&from=map&fromPanelNum=2&timestamp=202508311602&locale=ko&svcName=map_pcv5&searchText=%EB%B6%80%EC%82%B0%EB%8C%80%20%EB%A7%9B%EC%A7%91",0,0,
쿨키즈네버다이,"",,"https://map.naver.com/p/search/%EB%B6%80%EC%82%B0%EB%8C%80%20%EB%A7%9B%EC%A7%91/place/1028533112?c=15.00,0,0,0,dh&placePath=/home?entry=bmp&n_ad_group_type=10&n_query=%EB%B6%80%EC%82%B0%EB%8C%80%EB%A7%9B%EC%A7%91&from=map&fromPanelNum=2&timestamp=202508311602&locale=ko&svcName=map_pcv5&searchText=%EB%B6%80%EC%82%B0%EB%8C%80%20%EB%A7%9B%EC%A7%91",0,0,
오색연,"",,"https://map.naver.com/p/search/%EB%B6%80%EC%82%B0%EB%8C%80%20%EB%A7%9B%EC%A7%91/place/1212653294?c=15.00,0,0,0,dh&placePath=/home?entry=bmp&n_ad_group_type=10&n_query=%EB%B6%80%EC%82%B0%EB%8C%80%EB%A7%9B%EC%A7%91&from=map&fromPanelNum=2&timestamp=202508311602&locale=ko&svcName=map_pcv5&searchText=%EB%B6%80%EC%82%B0%EB%8C%80%20%EB%A7%9B%EC%A7%91",0,0,
수수하지만굉장해 부산대점,"",,"https://map.naver.com/p/search/%EB%B6%80%EC%82%B0%EB%8C%80%20%EB%A7%9B%EC%A7%91/place/1431903110?c=15.00,0,0,0,dh&placePath=/home?entry=bmp&from=map&fromPanelNum=2&timestamp=202508311602&locale=ko&svcName=map_pcv5&searchText=%EB%B6%80%EC%82%B0%EB%8C%80%20%EB%A7%9B%EC%A7%91",0,0,
레스토랑 우디,"",,"https://map.naver.com/p/search/%EB%B6%80%EC%82%B0%EB%8C%80%20%EB%A7%9B%EC%A7%91/place/1951558934?c=15.00,0,0,0,dh&placePath=/home?entry=bmp&from=map&fromPanelNum=2&timestamp=202508311602&locale=ko&svcName=map_pcv5&searchText=%EB%B6%80%EC%82%B0%EB%8C%80%20%EB%A7%9B%EC%A7%91",0,0,
맥도날드 부산대2호점,"",,"https://map.naver.com/p/search/%EB%B6%80%EC%82%B0%EB%8C%80%20%EB%A7%9B%EC%A7%91/place/11807327?c=15.00,0,0,0,dh&placePath=/home?entry=bmp&from=map&fromPanelNum=2&timestamp=202508311602&locale=ko&svcName=map_pcv5&searchText=%EB%B6%80%EC%82%B0%EB%8C%80%20%EB%A7%9B%EC%A7%91",0,0,
칠성돌곱창,"",,"https://map.naver.com/p/search/%EB%B6%80%EC%82%B0%EB%8C%80%20%EB%A7%9B%EC%A7%91/place/16644048?c=15.00,0,0,0,dh&placePath=/home?entry=bmp&from=map&fromPanelNum=2&timestamp=202508311603&locale=ko&svcName=map_pcv5&searchText=%EB%B6%80%EC%82%B0%EB%8C%80%20%EB%A7%9B%EC%A7%91",0,0,
블루그로토,"",,"https://map.naver.com/p/search/%EB%B6%80%EC%82%B0%EB%8C%80%20%EB%A7%9B%EC%A7%91/place/1344807441?c=15.00,0,0,0,dh&placePath=/home?entry=bmp&from=map&fromPanelNum=2&timestamp=202508311603&locale=ko&svcName=map_pcv5&searchText=%EB%B6%80%EC%82%B0%EB%8C%80%20%EB%A7%9B%EC%A7%91",0,0,
코스피어,"",,"https://map.naver.com/p/search/%EB%B6%80%EC%82%B0%EB%8C%80%20%EB%A7%9B%EC%A7%91/place/1196749625?c=15.00,0,0,0,dh&placePath=/home?entry=bmp&from=map&fromPanelNum=2&timestamp=202508311603&locale=ko&svcName=map_pcv5&searchText=%EB%B6%80%EC%82%B0%EB%8C%80%20%EB%A7%9B%EC%A7%91",0,0,
맥도날드 부곡점,"",,"https://map.naver.com/p/search/%EB%B6%80%EC%82%B0%EB%8C%80%20%EB%A7%9B%EC%A7%91/place/11807326?c=15.00,0,0,0,dh&placePath=/home?entry=bmp&from=map&fromPanelNum=2&timestamp=202508311603&locale=ko&svcName=map_pcv5&searchText=%EB%B6%80%EC%82%B0%EB%8C%80%20%EB%A7%9B%EC%A7%91",0,0,
겐쇼심야라멘 부산대점,"",,"https://map.naver.com/p/search/%EB%B6%80%EC%82%B0%EB%8C%80%20%EB%A7%9B%EC%A7%91/place/1957564633?c=15.00,0,0,0,dh&placePath=/home?entry=bmp&from=map&fromPanelNum=2&timestamp=202508311603&locale=ko&svcName=map_pcv5&searchText=%EB%B6%80%EC%82%B0%EB%8C%80%20%EB%A7%9B%EC%A7%91",0,0,
모모후,"",,"https://map.naver.com/p/search/%EB%B6%80%EC%82%B0%EB%8C%80%20%EB%A7%9B%EC%A7%91/place/1862526886?c=15.00,0,0,0,dh&placePath=/home?entry=bmp&from=map&fromPanelNum=2&timestamp=202508311603&locale=ko&svcName=map_pcv5&searchText=%EB%B6%80%EC%82%B0%EB%8C%80%20%EB%A7%9B%EC%A7%91",0,0,
뼈굿감자탕&뼈구이 본점,"",,"https://map.naver.com/p/search/%EB%B6%80%EC%82%B0%EB%8C%80%20%EB%A7%9B%EC%A7%91/place/1257111232?c=15.00,0,0,0,dh&placePath=/home?entry=bmp&from=map&fromPanelNum=2&timestamp=202508311603&locale=ko&svcName=map_pcv5&searchText=%EB%B6%80%EC%82%B0%EB%8C%80%20%EB%A7%9B%EC%A7%91",0,0,
부산대 우쭈쭈,"",,"https://map.naver.com/p/search/%EB%B6%80%EC%82%B0%EB%8C%80%20%EB%A7%9B%EC%A7%91/place/35772301?c=15.00,0,0,0,dh&placePath=/home?entry=bmp&from=map&fromPanelNum=2&timestamp=202508311603&locale=ko&svcName=map_pcv5&searchText=%EB%B6%80%EC%82%B0%EB%8C%80%20%EB%A7%9B%EC%A7%91",0,0,
리멘시타,"",,"https://map.naver.com/p/search/%EB%B6%80%EC%82%B0%EB%8C%80%20%EB%A7%9B%EC%A7%91/place/13586951?c=15.00,0,0,0,dh&placePath=/home?entry=bmp&from=map&fromPanelNum=2&timestamp=202508311603&locale=ko&svcName=map_pcv5&searchText=%EB%B6%80%EC%82%B0%EB%8C%80%20%EB%A7%9B%EC%A7%91",0,0,
키무엔라멘,"",,"https://map.naver.com/p/search/%EB%B6%80%EC%82%B0%EB%8C%80%20%EB%A7%9B%EC%A7%91/place/1857908992?c=15.00,0,0,0,dh&placePath=/home?entry=bmp&from=map&fromPanelNum=2&timestamp=202508311603&locale=ko&svcName=map_pcv5&searchText=%EB%B6%80%EC%82%B0%EB%8C%80%20%EB%A7%9B%EC%A7%91",0,0,
토비코,"",,"https://map.naver.com/p/search/%EB%B6%80%EC%82%B0%EB%8C%80%20%EB%A7%9B%EC%A7%91/place/11706297?c=15.00,0,0,0,dh&placePath=/home?entry=bmp&from=map&fromPanelNum=2&timestamp=202508311603&locale=ko&svcName=map_pcv5&searchText=%EB%B6%80%EC%82%B0%EB%8C%80%20%EB%A7%9B%EC%A7%91",0,0,
덮밥장사장 부산대점,"",,"https://map.naver.com/p/search/%EB%B6%80%EC%82%B0%EB%8C%80%20%EB%A7%9B%EC%A7%91/place/1754767387?c=15.00,0,0,0,dh&placePath=/home?entry=bmp&from=map&fromPanelNum=2&timestamp=202508311603&locale=ko&svcName=map_pcv5&searchText=%EB%B6%80%EC%82%B0%EB%8C%80%20%EB%A7%9B%EC%A7%91",0,0,
혼돈 불고기돈까스&함박스테이크,"",,"https://map.naver.com/p/search/%EB%B6%80%EC%82%B0%EB%8C%80%20%EB%A7%9B%EC%A7%91/place/1771240195?c=15.00,0,0,0,dh&placePath=/home?entry=bmp&from=map&fromPanelNum=2&timestamp=202508311603&locale=ko&svcName=map_pcv5&searchText=%EB%B6%80%EC%82%B0%EB%8C%80%20%EB%A7%9B%EC%A7%91",0,0,
크레딧버거,"",,"https://map.naver.com/p/search/%EB%B6%80%EC%82%B0%EB%8C%80%20%EB%A7%9B%EC%A7%91/place/1207321456?c=15.00,0,0,0,dh&placePath=/home?entry=bmp&from=map&fromPanelNum=2&timestamp=202508311604&locale=ko&svcName=map_pcv5&searchText=%EB%B6%80%EC%82%B0%EB%8C%80%20%EB%A7%9B%EC%A7%91",0,0,
장호가양꼬치 부산대점,"",,"https://map.naver.com/p/search/%EB%B6%80%EC%82%B0%EB%8C%80%20%EB%A7%9B%EC%A7%91/place/1182881500?c=15.00,0,0,0,dh&placePath=/home?entry=bmp&from=map&fromPanelNum=2&timestamp=202508311604&locale=ko&svcName=map_pcv5&searchText=%EB%B6%80%EC%82%B0%EB%8C%80%20%EB%A7%9B%EC%A7%91",0,0,
미슐당 부산대점,"",,"https://map.naver.com/p/search/%EB%B6%80%EC%82%B0%EB%8C%80%20%EB%A7%9B%EC%A7%91/place/1201194727?c=15.00,0,0,0,dh&placePath=/home?entry=bmp&from=map&fromPanelNum=2&timestamp=202508311604&locale=ko&svcName=map_pcv5&searchText=%EB%B6%80%EC%82%B0%EB%8C%80%20%EB%A7%9B%EC%A7%91",0,0,
면식당 부산대점,"",,"https://map.naver.com/p/search/%EB%B6%80%EC%82%B0%EB%8C%80%20%EB%A7%9B%EC%A7%91/place/1333771681?c=15.00,0,0,0,dh&placePath=/home?entry=bmp&from=map&fromPanelNum=2&timestamp=202508311604&locale=ko&svcName=map_pcv5&searchText=%EB%B6%80%EC%82%B0%EB%8C%80%20%EB%A7%9B%EC%A7%91",0,0,
대박횟집 부산대점,"",,"https://map.naver.com/p/search/%EB%B6%80%EC%82%B0%EB%8C%80%20%EB%A7%9B%EC%A7%91/place/1171871182?c=15.00,0,0,0,dh&placePath=/home?entry=bmp&from=map&fromPanelNum=2&timestamp=202508311604&locale=ko&svcName=map_pcv5&searchText=%EB%B6%80%EC%82%B0%EB%8C%80%20%EB%A7%9B%EC%A7%91",0,0,
송주불냉면 부산대점,"",,"https://map.naver.com/p/search/%EB%B6%80%EC%82%B0%EB%8C%80%20%EB%A7%9B%EC%A7%91/place/1533774556?c=15.00,0,0,0,dh&placePath=/home?entry=bmp&from=map&fromPanelNum=2&timestamp=202508311604&locale=ko&svcName=map_pcv5&searchText=%EB%B6%80%EC%82%B0%EB%8C%80%20%EB%A7%9B%EC%A7%91",0,0,
빅대디포장마차 부산대점,"",,"https://map.naver.com/p/search/%EB%B6%80%EC%82%B0%EB%8C%80%20%EB%A7%9B%EC%A7%91/place/1527423248?c=15.00,0,0,0,dh&placePath=/home?entry=bmp&from=map&fromPanelNum=2&timestamp=202508311604&locale=ko&svcName=map_pcv5&searchText=%EB%B6%80%EC%82%B0%EB%8C%80%20%EB%A7%9B%EC%A7%91",0,0,
웍헤이,"",,"https://map.naver.com/p/search/%EB%B6%80%EC%82%B0%EB%8C%80%20%EB%A7%9B%EC%A7%91/place/1456686050?c=15.00,0,0,0,dh&placePath=/home?entry=bmp&from=map&fromPanelNum=2&timestamp=202508311604&locale=ko&svcName=map_pcv5&searchText=%EB%B6%80%EC%82%B0%EB%8C%80%20%EB%A7%9B%EC%A7%91",0,0,
TEJE,"",,"https://map.naver.com/p/search/%EB%B6%80%EC%82%B0%EB%8C%80%20%EB%A7%9B%EC%A7%91/place/509205075?c=15.00,0,0,0,dh&placePath=/home?entry=bmp&from=map&fromPanelNum=2&timestamp=202508311604&locale=ko&svcName=map_pcv5&searchText=%EB%B6%80%EC%82%B0%EB%8C%80%20%EB%A7%9B%EC%A7%91",0,0,
컬러드,"",,"https://map.naver.com/p/search/%EB%B6%80%EC%82%B0%EB%8C%80%20%EB%A7%9B%EC%A7%91/place/1471783994?c=15.00,0,0,0,dh&placePath=/home?entry=bmp&from=map&fromPanelNum=2&timestamp=202508311604&locale=ko&svcName=map_pcv5&searchText=%EB%B6%80%EC%82%B0%EB%8C%80%20%EB%A7%9B%EC%A7%91",0,0,
모름지기 부산대점,"",,"https://map.naver.com/p/search/%EB%B6%80%EC%82%B0%EB%8C%80%20%EB%A7%9B%EC%A7%91/place/1697785615?c=15.00,0,0,0,dh&placePath=/home?entry=bmp&from=map&fromPanelNum=2&timestamp=202508311605&locale=ko&svcName=map_pcv5&searchText=%EB%B6%80%EC%82%B0%EB%8C%80%20%EB%A7%9B%EC%A7%91",0,0,
규카츠정 부산대점,"",,"https://map.naver.com/p/search/%EB%B6%80%EC%82%B0%EB%8C%80%20%EB%A7%9B%EC%A7%91/place/1887437958?c=15.00,0,0,0,dh&placePath=/home?entry=bmp&from=map&fromPanelNum=2&timestamp=202508311605&locale=ko&svcName=map_pcv5&searchText=%EB%B6%80%EC%82%B0%EB%8C%80%20%EB%A7%9B%EC%A7%91",0,0,
브런치앤디너 테라비 부산대점,"",,"https://map.naver.com/p/search/%EB%B6%80%EC%82%B0%EB%8C%80%20%EB%A7%9B%EC%A7%91/place/1051977722?c=15.00,0,0,0,dh&placePath=/home?entry=bmp&from=map&fromPanelNum=2&timestamp=202508311605&locale=ko&svcName=map_pcv5&searchText=%EB%B6%80%EC%82%B0%EB%8C%80%20%EB%A7%9B%EC%A7%91",0,0,
등촌샤브칼국수 부산대점,"",,"https://map.naver.com/p/search/%EB%B6%80%EC%82%B0%EB%8C%80%20%EB%A7%9B%EC%A7%91/place/1826301428?c=15.00,0,0,0,dh&placePath=/home?entry=bmp&from=map&fromPanelNum=2&timestamp=202508311605&locale=ko&svcName=map_pcv5&searchText=%EB%B6%80%EC%82%B0%EB%8C%80%20%EB%A7%9B%EC%A7%91",0,0,
스타벅스 부산대역점,"",,"https://map.naver.com/p/search/%EB%B6%80%EC%82%B0%EB%8C%80%20%EB%A7%9B%EC%A7%91/place/33979879?c=15.00,0,0,0,dh&placePath=/home?entry=bmp&from=map&fromPanelNum=2&timestamp=202508311605&locale=ko&svcName=map_pcv5&searchText=%EB%B6%80%EC%82%B0%EB%8C%80%20%EB%A7%9B%EC%A7%91",0,0,
대성관초밥,"",,"https://map.naver.com/p/search/%EB%B6%80%EC%82%B0%EB%8C%80%20%EB%A7%9B%EC%A7%91/place/16644607?c=15.00,0,0,0,dh&placePath=/home?entry=bmp&from=map&fromPanelNum=2&timestamp=202508311605&locale=ko&svcName=map_pcv5&searchText=%EB%B6%80%EC%82%B0%EB%8C%80%20%EB%A7%9B%EC%A7%91",0,0,
부소담 숯불폭립,"",,"https://map.naver.com/p/search/%EB%B6%80%EC%82%B0%EB%8C%80%20%EB%A7%9B%EC%A7%91/place/1846683570?c=15.00,0,0,0,dh&placePath=/home?entry=bmp&from=map&fromPanelNum=2&timestamp=202508311605&locale=ko&svcName=map_pcv5&searchText=%EB%B6%80%EC%82%B0%EB%8C%80%20%EB%A7%9B%EC%A7%91",0,0,
펀치,"",,"https://map.naver.com/p/search/%EB%B6%80%EC%82%B0%EB%8C%80%20%EB%A7%9B%EC%A7%91/place/2074542658?c=15.00,0,0,0,dh&placePath=/home?entry=bmp&from=map&fromPanelNum=2&timestamp=202508311605&locale=ko&svcName=map_pcv5&searchText=%EB%B6%80%EC%82%B0%EB%8C%80%20%EB%A7%9B%EC%A7%91",0,0,
몽레브,"",,"https://map.naver.com/p/search/%EB%B6%80%EC%82%B0%EB%8C%80%20%EB%A7%9B%EC%A7%91/place/32278209?c=15.00,0,0,0,dh&placePath=/home?entry=bmp&from=map&fromPanelNum=2&timestamp=202508311605&locale=ko&svcName=map_pcv5&searchText=%EB%B6%80%EC%82%B0%EB%8C%80%20%EB%A7%9B%EC%A7%91",0,0,
커피어웨이크,"",,"https://map.naver.com/p/search/%EB%B6%80%EC%82%B0%EB%8C%80%20%EB%A7%9B%EC%A7%91/place/21623817?c=15.00,0,0,0,dh&placePath=/home?entry=bmp&from=map&fromPanelNum=2&timestamp=202508311605&locale=ko&svcName=map_pcv5&searchText=%EB%B6%80%EC%82%B0%EB%8C%80%20%EB%A7%9B%EC%A7%91",0,0,
컴포즈커피 부산대2호점,"",,"https://map.naver.com/p/search/%EB%B6%80%EC%82%B0%EB%8C%80%20%EB%A7%9B%EC%A7%91/place/38447732?c=15.00,0,0,0,dh&placePath=/home?entry=bmp&from=map&fromPanelNum=2&timestamp=202508311605&locale=ko&svcName=map_pcv5&searchText=%EB%B6%80%EC%82%B0%EB%8C%80%20%EB%A7%9B%EC%A7%91",0,0,
팔구제면소 온천장점,"",,"https://map.naver.com/p/search/%EB%B6%80%EC%82%B0%EB%8C%80%20%EB%A7%9B%EC%A7%91/place/1029468152?c=15.00,0,0,0,dh&placePath=/home?entry=bmp&from=map&fromPanelNum=2&timestamp=202508311606&locale=ko&svcName=map_pcv5&searchText=%EB%B6%80%EC%82%B0%EB%8C%80%20%EB%A7%9B%EC%A7%91",0,0,
스타벅스 금정구청DT점,"",,"https://map.naver.com/p/search/%EB%B6%80%EC%82%B0%EB%8C%80%20%EB%A7%9B%EC%A7%91/place/1981322277?c=15.00,0,0,0,dh&placePath=/home?entry=bmp&from=map&fromPanelNum=2&timestamp=202508311606&locale=ko&svcName=map_pcv5&searchText=%EB%B6%80%EC%82%B0%EB%8C%80%20%EB%A7%9B%EC%A7%91",0,0,
쏠트바 부산대점,"",,"https://map.naver.com/p/search/%EB%B6%80%EC%82%B0%EB%8C%80%20%EB%A7%9B%EC%A7%91/place/1291760686?c=15.00,0,0,0,dh&placePath=/home?entry=bmp&from=map&fromPanelNum=2&timestamp=202508311606&locale=ko&svcName=map_pcv5&searchText=%EB%B6%80%EC%82%B0%EB%8C%80%20%EB%A7%9B%EC%A7%91",0,0,
파인드 아워 유니버스,"",,"https://map.naver.com/p/search/%EB%B6%80%EC%82%B0%EB%8C%80%20%EB%A7%9B%EC%A7%91/place/1744971992?c=15.00,0,0,0,dh&placePath=/home?entry=bmp&from=map&fromPanelNum=2&timestamp=202508311606&locale=ko&svcName=map_pcv5&searchText=%EB%B6%80%EC%82%B0%EB%8C%80%20%EB%A7%9B%EC%A7%91",0,0,
어스베이킹케이크 부산대레터링케이크,"",,"https://map.naver.com/p/search/%EB%B6%80%EC%82%B0%EB%8C%80%20%EB%A7%9B%EC%A7%91/place/1076917657?c=15.00,0,0,0,dh&placePath=/home?entry=bmp&from=map&fromPanelNum=2&timestamp=202508311606&locale=ko&svcName=map_pcv5&searchText=%EB%B6%80%EC%82%B0%EB%8C%80%20%EB%A7%9B%EC%A7%91",0,0,
심취,"",,"https://map.naver.com/p/search/%EB%B6%80%EC%82%B0%EB%8C%80%20%EB%A7%9B%EC%A7%91/place/1498051400?c=15.00,0,0,0,dh&placePath=/home?entry=bmp&from=map&fromPanelNum=2&timestamp=202508311606&locale=ko&svcName=map_pcv5&searchText=%EB%B6%80%EC%82%B0%EB%8C%80%20%EB%A7%9B%EC%A7%91",0,0,
구디너프,"",,"https://map.naver.com/p/search/%EB%B6%80%EC%82%B0%EB%8C%80%20%EB%A7%9B%EC%A7%91/place/1250063023?c=15.00,0,0,0,dh&placePath=/home?entry=bmp&from=map&fromPanelNum=2&timestamp=202508311606&locale=ko&svcName=map_pcv5&searchText=%EB%B6%80%EC%82%B0%EB%8C%80%20%EB%A7%9B%EC%A7%91",0,0,
육수재,"",,"https://map.naver.com/p/search/%EB%B6%80%EC%82%B0%EB%8C%80%20%EB%A7%9B%EC%A7%91/place/2057260089?c=15.00,0,0,0,dh&placePath=/home?entry=bmp&from=map&fromPanelNum=2&timestamp=202508311606&locale=ko&svcName=map_pcv5&searchText=%EB%B6%80%EC%82%B0%EB%8C%80%20%EB%A7%9B%EC%A7%91",0,0,
디프런트데이즈 부산대본점,"",,"https://map.naver.com/p/search/%EB%B6%80%EC%82%B0%EB%8C%80%20%EB%A7%9B%EC%A7%91/place/1778002264?c=15.00,0,0,0,dh&placePath=/home?entry=bmp&from=map&fromPanelNum=2&timestamp=202508311606&locale=ko&svcName=map_pcv5&searchText=%EB%B6%80%EC%82%B0%EB%8C%80%20%EB%A7%9B%EC%A7%91",0,0,
크라운닭발 부산대본점,"",,"https://map.naver.com/p/search/%EB%B6%80%EC%82%B0%EB%8C%80%20%EB%A7%9B%EC%A7%91/place/1921116002?c=15.00,0,0,0,dh&placePath=/home?entry=bmp&from=map&fromPanelNum=2&timestamp=202508311607&locale=ko&svcName=map_pcv5&searchText=%EB%B6%80%EC%82%B0%EB%8C%80%20%EB%A7%9B%EC%A7%91",0,0,
오투정거장,"",,"https://map.naver.com/p/search/%EB%B6%80%EC%82%B0%EB%8C%80%20%EB%A7%9B%EC%A7%91/place/1047572199?c=15.00,0,0,0,dh&placePath=/home?entry=bmp&from=map&fromPanelNum=2&timestamp=202508311607&locale=ko&svcName=map_pcv5&searchText=%EB%B6%80%EC%82%B0%EB%8C%80%20%EB%A7%9B%EC%A7%91",0,0,
설봉돼지국밥,"",,"https://map.naver.com/p/search/%EB%B6%80%EC%82%B0%EB%8C%80%20%EB%A7%9B%EC%A7%91/place/34348201?c=15.00,0,0,0,dh&placePath=/home?entry=bmp&from=map&fromPanelNum=2&timestamp=202508311607&locale=ko&svcName=map_pcv5&searchText=%EB%B6%80%EC%82%B0%EB%8C%80%20%EB%A7%9B%EC%A7%91",0,0,
부산대 카츠안,"",,"https://map.naver.com/p/search/%EB%B6%80%EC%82%B0%EB%8C%80%20%EB%A7%9B%EC%A7%91/place/1519408095?c=15.00,0,0,0,dh&placePath=/home?entry=bmp&from=map&fromPanelNum=2&timestamp=202508311607&locale=ko&svcName=map_pcv5&searchText=%EB%B6%80%EC%82%B0%EB%8C%80%20%EB%A7%9B%EC%A7%91",0,0,
세이지케이크,"",,"https://map.naver.com/p/search/%EB%B6%80%EC%82%B0%EB%8C%80%20%EB%A7%9B%EC%A7%91/place/1578740026?c=15.00,0,0,0,dh&placePath=/home?entry=bmp&from=map&fromPanelNum=2&timestamp=202508311607&locale=ko&svcName=map_pcv5&searchText=%EB%B6%80%EC%82%B0%EB%8C%80%20%EB%A7%9B%EC%A7%91",0,0,
호작,"",,"https://map.naver.com/p/search/%EB%B6%80%EC%82%B0%EB%8C%80%20%EB%A7%9B%EC%A7%91/place/1080884797?c=15.00,0,0,0,dh&placePath=/home?entry=bmp&from=map&fromPanelNum=2&timestamp=202508311607&locale=ko&svcName=map_pcv5&searchText=%EB%B6%80%EC%82%B0%EB%8C%80%20%EB%A7%9B%EC%A7%91",0,0,
김해원조뒷고기,"",,"https://map.naver.com/p/search/%EB%B6%80%EC%82%B0%EB%8C%80%20%EB%A7%9B%EC%A7%91/place/21037618?c=15.00,0,0,0,dh&placePath=/home?entry=bmp&from=map&fromPanelNum=2&timestamp=202508311607&locale=ko&svcName=map_pcv5&searchText=%EB%B6%80%EC%82%B0%EB%8C%80%20%EB%A7%9B%EC%A7%91",0,0,
디저트39 부산대점,"",,"https://map.naver.com/p/search/%EB%B6%80%EC%82%B0%EB%8C%80%20%EB%A7%9B%EC%A7%91/place/1156204367?c=15.00,0,0,0,dh&placePath=/home?entry=bmp&from=map&fromPanelNum=2&timestamp=202508311607&locale=ko&svcName=map_pcv5&searchText=%EB%B6%80%EC%82%B0%EB%8C%80%20%EB%A7%9B%EC%A7%91",0,0,
스타벅스 온천장역DT점,"",,"https://map.naver.com/p/search/%EB%B6%80%EC%82%B0%EB%8C%80%20%EB%A7%9B%EC%A7%91/place/1797511761?c=15.00,0,0,0,dh&placePath=/home?entry=bmp&from=map&fromPanelNum=2&timestamp=202508311608&locale=ko&svcName=map_pcv5&searchText=%EB%B6%80%EC%82%B0%EB%8C%80%20%EB%A7%9B%EC%A7%91",0,0,
버거킹 부산대점,"",,"https://map.naver.com/p/search/%EB%B6%80%EC%82%B0%EB%8C%80%20%EB%A7%9B%EC%A7%91/place/1949817011?c=15.00,0,0,0,dh&placePath=/home?entry=bmp&from=map&fromPanelNum=2&timestamp=202508311608&locale=ko&svcName=map_pcv5&searchText=%EB%B6%80%EC%82%B0%EB%8C%80%20%EB%A7%9B%EC%A7%91",0,0,
낙양,"",,"https://map.naver.com/p/search/%EB%B6%80%EC%82%B0%EB%8C%80%20%EB%A7%9B%EC%A7%91/place/1282767437?c=15.00,0,0,0,dh&placePath=/home?entry=bmp&from=map&fromPanelNum=2&timestamp=202508311608&locale=ko&svcName=map_pcv5&searchText=%EB%B6%80%EC%82%B0%EB%8C%80%20%EB%A7%9B%EC%A7%91",0,0,
인자한키친,"",,"https://map.naver.com/p/search/%EB%B6%80%EC%82%B0%EB%8C%80%20%EB%A7%9B%EC%A7%91/place/1258975147?c=15.00,0,0,0,dh&placePath=/home?entry=bmp&from=map&fromPanelNum=2&timestamp=202508311608&locale=ko&svcName=map_pcv5&searchText=%EB%B6%80%EC%82%B0%EB%8C%80%20%EB%A7%9B%EC%A7%91",0,0,
타코노유메,"",,"https://map.naver.com/p/search/%EB%B6%80%EC%82%B0%EB%8C%80%20%EB%A7%9B%EC%A7%91/place/1357064977?c=15.00,0,0,0,dh&placePath=/home?entry=bmp&from=map&fromPanelNum=2&timestamp=202508311608&locale=ko&svcName=map_pcv5&searchText=%EB%B6%80%EC%82%B0%EB%8C%80%20%EB%A7%9B%EC%A7%91",0,0,
두끼 부산대점,"",,"https://map.naver.com/p/search/%EB%B6%80%EC%82%B0%EB%8C%80%20%EB%A7%9B%EC%A7%91/place/1157226533?c=15.00,0,0,0,dh&placePath=/home?entry=bmp&from=map&fromPanelNum=2&timestamp=202508311608&locale=ko&svcName=map_pcv5&searchText=%EB%B6%80%EC%82%B0%EB%8C%80%20%EB%A7%9B%EC%A7%91",0,0,
공차 부산대점,"",,"https://map.naver.com/p/search/%EB%B6%80%EC%82%B0%EB%8C%80%20%EB%A7%9B%EC%A7%91/place/1892128480?c=15.00,0,0,0,dh&placePath=/home?entry=bmp&from=map&fromPanelNum=2&timestamp=202508311608&locale=ko&svcName=map_pcv5&searchText=%EB%B6%80%EC%82%B0%EB%8C%80%20%EB%A7%9B%EC%A7%91",0,0,
라비앙로즈,"",,"https://map.naver.com/p/search/%EB%B6%80%EC%82%B0%EB%8C%80%20%EB%A7%9B%EC%A7%91/place/1698679029?c=15.00,0,0,0,dh&placePath=/home?entry=bmp&from=map&fromPanelNum=2&timestamp=202508311608&locale=ko&svcName=map_pcv5&searchText=%EB%B6%80%EC%82%B0%EB%8C%80%20%EB%A7%9B%EC%A7%91",0,0,
정성육회 부산대점,"",,"https://map.naver.com/p/search/%EB%B6%80%EC%82%B0%EB%8C%80%20%EB%A7%9B%EC%A7%91/place/1898157579?c=15.00,0,0,0,dh&placePath=/home?entry=bmp&from=map&fromPanelNum=2&timestamp=202508311609&locale=ko&svcName=map_pcv5&searchText=%EB%B6%80%EC%82%B0%EB%8C%80%20%EB%A7%9B%EC%A7%91",0,0,
삼굽살 부산대점,"",,"https://map.naver.com/p/search/%EB%B6%80%EC%82%B0%EB%8C%80%20%EB%A7%9B%EC%A7%91/place/1662413128?c=15.00,0,0,0,dh&placePath=/home?entry=bmp&from=map&fromPanelNum=2&timestamp=202508311609&locale=ko&svcName=map_pcv5&searchText=%EB%B6%80%EC%82%B0%EB%8C%80%20%EB%A7%9B%EC%A7%91",0,0,
디델리 부산대점,"",,"https://map.naver.com/p/search/%EB%B6%80%EC%82%B0%EB%8C%80%20%EB%A7%9B%EC%A7%91/place/16645668?c=15.00,0,0,0,dh&placePath=/home?entry=bmp&from=map&fromPanelNum=2&timestamp=202508311609&locale=ko&svcName=map_pcv5&searchText=%EB%B6%80%EC%82%B0%EB%8C%80%20%EB%A7%9B%EC%A7%91",0,0,
청춘삼겹,"",,"https://map.naver.com/p/search/%EB%B6%80%EC%82%B0%EB%8C%80%20%EB%A7%9B%EC%A7%91/place/1633121602?c=15.00,0,0,0,dh&placePath=/home?entry=bmp&from=map&fromPanelNum=2&timestamp=202508311609&locale=ko&svcName=map_pcv5&searchText=%EB%B6%80%EC%82%B0%EB%8C%80%20%EB%A7%9B%EC%A7%91",0,0,
개성상인,"",,"https://map.naver.com/p/search/%EB%B6%80%EC%82%B0%EB%8C%80%20%EB%A7%9B%EC%A7%91/place/1119317661?c=15.00,0,0,0,dh&placePath=/home?entry=bmp&from=map&fromPanelNum=2&timestamp=202508311609&locale=ko&svcName=map_pcv5&searchText=%EB%B6%80%EC%82%B0%EB%8C%80%20%EB%A7%9B%EC%A7%91",0,0,
맥부리또 부산대점,"",,"https://map.naver.com/p/search/%EB%B6%80%EC%82%B0%EB%8C%80%20%EB%A7%9B%EC%A7%91/place/1282762052?c=15.00,0,0,0,dh&placePath=/home?entry=bmp&from=map&fromPanelNum=2&timestamp=202508311609&locale=ko&svcName=map_pcv5&searchText=%EB%B6%80%EC%82%B0%EB%8C%80%20%EB%A7%9B%EC%A7%91",0,0,
메가MGC커피 부산부곡점,"",,"https://map.naver.com/p/search/%EB%B6%80%EC%82%B0%EB%8C%80%20%EB%A7%9B%EC%A7%91/place/1849321558?c=15.00,0,0,0,dh&placePath=/home?entry=bmp&from=map&fromPanelNum=2&timestamp=202508311610&locale=ko&svcName=map_pcv5&searchText=%EB%B6%80%EC%82%B0%EB%8C%80%20%EB%A7%9B%EC%A7%91",0,0,
동대문엽기떡볶이 부산대점,"",,"https://map.naver.com/p/search/%EB%B6%80%EC%82%B0%EB%8C%80%20%EB%A7%9B%EC%A7%91/place/35424598?c=15.00,0,0,0,dh&placePath=/home?entry=bmp&from=map&fromPanelNum=2&timestamp=202508311610&locale=ko&svcName=map_pcv5&searchText=%EB%B6%80%EC%82%B0%EB%8C%80%20%EB%A7%9B%EC%A7%91",0,0,
치한당 부산대점,"",,"https://map.naver.com/p/search/%EB%B6%80%EC%82%B0%EB%8C%80%20%EB%A7%9B%EC%A7%91/place/1980788735?c=15.00,0,0,0,dh&placePath=/home?entry=bmp&from=map&fromPanelNum=2&timestamp=202508311610&locale=ko&svcName=map_pcv5&searchText=%EB%B6%80%EC%82%B0%EB%8C%80%20%EB%A7%9B%EC%A7%91",0,0,
4242샌드위치 본점,"",,"https://map.naver.com/p/search/%EB%B6%80%EC%82%B0%EB%8C%80%20%EB%A7%9B%EC%A7%91/place/1959871514?c=15.00,0,0,0,dh&placePath=/home?entry=bmp&from=map&fromPanelNum=2&timestamp=202508311610&locale=ko&svcName=map_pcv5&searchText=%EB%B6%80%EC%82%B0%EB%8C%80%20%EB%A7%9B%EC%A7%91",0,0,
조선대패 부산대점,"",,"https://map.naver.com/p/search/%EB%B6%80%EC%82%B0%EB%8C%80%20%EB%A7%9B%EC%A7%91/place/2038673441?c=15.00,0,0,0,dh&placePath=/home?entry=bmp&from=map&fromPanelNum=2&timestamp=202508311610&locale=ko&svcName=map_pcv5&searchText=%EB%B6%80%EC%82%B0%EB%8C%80%20%EB%A7%9B%EC%A7%91",0,0,
써브웨이 부산부산대점,"",,"https://map.naver.com/p/search/%EB%B6%80%EC%82%B0%EB%8C%80%20%EB%A7%9B%EC%A7%91/place/37130420?c=15.00,0,0,0,dh&placePath=/home?entry=bmp&from=map&fromPanelNum=2&timestamp=202508311610&locale=ko&svcName=map_pcv5&searchText=%EB%B6%80%EC%82%B0%EB%8C%80%20%EB%A7%9B%EC%A7%91",0,0,
에픽키친,"",,"https://map.naver.com/p/search/%EB%B6%80%EC%82%B0%EB%8C%80%20%EB%A7%9B%EC%A7%91/place/1219497853?c=15.00,0,0,0,dh&placePath=/home?entry=bmp&from=map&fromPanelNum=2&timestamp=202508311611&locale=ko&svcName=map_pcv5&searchText=%EB%B6%80%EC%82%B0%EB%8C%80%20%EB%A7%9B%EC%A7%91",0,0,
모시모시 부산대점,"",,"https://map.naver.com/p/search/%EB%B6%80%EC%82%B0%EB%8C%80%20%EB%A7%9B%EC%A7%91/place/21203707?c=15.00,0,0,0,dh&placePath=/home?entry=bmp&from=map&fromPanelNum=2&timestamp=202508311611&locale=ko&svcName=map_pcv5&searchText=%EB%B6%80%EC%82%B0%EB%8C%80%20%EB%A7%9B%EC%A7%91",0,0,
부산대 비비드드림 본점,"",,"https://map.naver.com/p/search/%EB%B6%80%EC%82%B0%EB%8C%80%20%EB%A7%9B%EC%A7%91/place/33535201?c=15.00,0,0,0,dh&placePath=/home?entry=bmp&from=map&fromPanelNum=2&timestamp=202508311611&locale=ko&svcName=map_pcv5&searchText=%EB%B6%80%EC%82%B0%EB%8C%80%20%EB%A7%9B%EC%A7%91",0,0,
만석꾼풍천산삼민물장어,"",,"https://map.naver.com/p/search/%EB%B6%80%EC%82%B0%EB%8C%80%20%EB%A7%9B%EC%A7%91/place/1395310698?c=15.00,0,0,0,dh&placePath=/home?entry=bmp&from=map&fromPanelNum=2&timestamp=202508311611&locale=ko&svcName=map_pcv5&searchText=%EB%B6%80%EC%82%B0%EB%8C%80%20%EB%A7%9B%EC%A7%91",0,0,
일송면옥 부산대본점,"",,"https://map.naver.com/p/search/%EB%B6%80%EC%82%B0%EB%8C%80%20%EB%A7%9B%EC%A7%91/place/13573634?c=15.00,0,0,0,dh&placePath=/home?entry=bmp&from=map&fromPanelNum=2&timestamp=202508311612&locale=ko&svcName=map_pcv5&searchText=%EB%B6%80%EC%82%B0%EB%8C%80%20%EB%A7%9B%EC%A7%91",0,0,
보리종파티세리 본점,"",,"https://map.naver.com/p/search/%EB%B6%80%EC%82%B0%EB%8C%80%20%EB%A7%9B%EC%A7%91/place/1083410076?c=15.00,0,0,0,dh&placePath=/home?entry=bmp&from=map&fromPanelNum=2&timestamp=202508311612&locale=ko&svcName=map_pcv5&searchText=%EB%B6%80%EC%82%B0%EB%8C%80%20%EB%A7%9B%EC%A7%91",0,0,
한날한시,"",,"https://map.naver.com/p/search/%EB%B6%80%EC%82%B0%EB%8C%80%20%EB%A7%9B%EC%A7%91/place/2072273848?c=15.00,0,0,0,dh&placePath=/home?entry=bmp&from=map&fromPanelNum=2&timestamp=202508311612&locale=ko&svcName=map_pcv5&searchText=%EB%B6%80%EC%82%B0%EB%8C%80%20%EB%A7%9B%EC%A7%91",0,0,
스시심,"",,"https://map.naver.com/p/search/%EB%B6%80%EC%82%B0%EB%8C%80%20%EB%A7%9B%EC%A7%91/place/33061157?c=15.00,0,0,0,dh&placePath=/home?entry=bmp&from=map&fromPanelNum=2&timestamp=202508311612&locale=ko&svcName=map_pcv5&searchText=%EB%B6%80%EC%82%B0%EB%8C%80%20%EB%A7%9B%EC%A7%91",0,0,
현풍닭칼국수 부산대점,"",,"https://map.naver.com/p/search/%EB%B6%80%EC%82%B0%EB%8C%80%20%EB%A7%9B%EC%A7%91/place/1412051929?c=15.00,0,0,0,dh&placePath=/home?entry=bmp&from=map&fromPanelNum=2&timestamp=202508311612&locale=ko&svcName=map_pcv5&searchText=%EB%B6%80%EC%82%B0%EB%8C%80%20%EB%A7%9B%EC%A7%91",0,0,
백마돼지갈비,"",,"https://map.naver.com/p/search/%EB%B6%80%EC%82%B0%EB%8C%80%20%EB%A7%9B%EC%A7%91/place/1231170901?c=15.00,0,0,0,dh&placePath=/home?entry=bmp&from=map&fromPanelNum=2&timestamp=202508311613&locale=ko&svcName=map_pcv5&searchText=%EB%B6%80%EC%82%B0%EB%8C%80%20%EB%A7%9B%EC%A7%91",0,0,
백양숯불갈비 부산대점,"",,"https://map.naver.com/p/search/%EB%B6%80%EC%82%B0%EB%8C%80%20%EB%A7%9B%EC%A7%91/place/2019956249?c=15.00,0,0,0,dh&placePath=/home?entry=bmp&from=map&fromPanelNum=2&timestamp=202508311613&locale=ko&svcName=map_pcv5&searchText=%EB%B6%80%EC%82%B0%EB%8C%80%20%EB%A7%9B%EC%A7%91",0,0,
할리데이 온 시티,"",,"https://map.naver.com/p/search/%EB%B6%80%EC%82%B0%EB%8C%80%20%EB%A7%9B%EC%A7%91/place/1452922407?c=15.00,0,0,0,dh&placePath=/home?entry=bmp&from=map&fromPanelNum=2&timestamp=202508311613&locale=ko&svcName=map_pcv5&searchText=%EB%B6%80%EC%82%B0%EB%8C%80%20%EB%A7%9B%EC%A7%91",0,0,
팝콘도시 부산대점,"",,"https://map.naver.com/p/search/%EB%B6%80%EC%82%B0%EB%8C%80%20%EB%A7%9B%EC%A7%91/place/1740202987?c=15.00,0,0,0,dh&placePath=/home?entry=bmp&from=map&fromPanelNum=2&timestamp=202508311613&locale=ko&svcName=map_pcv5&searchText=%EB%B6%80%EC%82%B0%EB%8C%80%20%EB%A7%9B%EC%A7%91",0,0,
우리집,"",,"https://map.naver.com/p/search/%EB%B6%80%EC%82%B0%EB%8C%80%20%EB%A7%9B%EC%A7%91/place/1775349945?c=15.00,0,0,0,dh&placePath=/home?entry=bmp&from=map&fromPanelNum=2&timestamp=202508311614&locale=ko&svcName=map_pcv5&searchText=%EB%B6%80%EC%82%B0%EB%8C%80%20%EB%A7%9B%EC%A7%91",0,0,
연화리,"",,"https://map.naver.com/p/search/%EB%B6%80%EC%82%B0%EB%8C%80%20%EB%A7%9B%EC%A7%91/place/1192460950?c=15.00,0,0,0,dh&placePath=/home?entry=bmp&from=map&fromPanelNum=2&timestamp=202508311614&locale=ko&svcName=map_pcv5&searchText=%EB%B6%80%EC%82%B0%EB%8C%80%20%EB%A7%9B%EC%A7%91",0,0,
칠칠켄터키 부산대본점,"",,"https://map.naver.com/p/search/%EB%B6%80%EC%82%B0%EB%8C%80%20%EB%A7%9B%EC%A7%91/place/21905151?c=15.00,0,0,0,dh&placePath=/home?entry=bmp&from=map&fromPanelNum=2&timestamp=202508311614&locale=ko&svcName=map_pcv5&searchText=%EB%B6%80%EC%82%B0%EB%8C%80%20%EB%A7%9B%EC%A7%91",0,0,
알바 카페,"",,"https://map.naver.com/p/search/%EB%B6%80%EC%82%B0%EB%8C%80%20%EB%A7%9B%EC%A7%91/place/1153657659?c=15.00,0,0,0,dh&placePath=/home?entry=bmp&from=map&fromPanelNum=2&timestamp=202508311614&locale=ko&svcName=map_pcv5&searchText=%EB%B6%80%EC%82%B0%EB%8C%80%20%EB%A7%9B%EC%A7%91",0,0,
박기모조방낙지,"",,"https://map.naver.com/p/search/%EB%B6%80%EC%82%B0%EB%8C%80%20%EB%A7%9B%EC%A7%91/place/12997521?c=15.00,0,0,0,dh&placePath=/home?entry=bmp&from=map&fromPanelNum=2&timestamp=202508311614&locale=ko&svcName=map_pcv5&searchText=%EB%B6%80%EC%82%B0%EB%8C%80%20%EB%A7%9B%EC%A7%91",0,0,
숙성화로,"",,"https://map.naver.com/p/search/%EB%B6%80%EC%82%B0%EB%8C%80%20%EB%A7%9B%EC%A7%91/place/1872982894?c=15.00,0,0,0,dh&placePath=/home?entry=bmp&from=map&fromPanelNum=2&timestamp=202508311615&locale=ko&svcName=map_pcv5&searchText=%EB%B6%80%EC%82%B0%EB%8C%80%20%EB%A7%9B%EC%A7%91",0,0,
온결,"",,"https://map.naver.com/p/search/%EB%B6%80%EC%82%B0%EB%8C%80%20%EB%A7%9B%EC%A7%91/place/2024938809?c=15.00,0,0,0,dh&placePath=/home?entry=bmp&from=map&fromPanelNum=2&timestamp=202508311615&locale=ko&svcName=map_pcv5&searchText=%EB%B6%80%EC%82%B0%EB%8C%80%20%EB%A7%9B%EC%A7%91",0,0,
로운 샤브샤브 NC부산대점,"",,"https://map.naver.com/p/search/%EB%B6%80%EC%82%B0%EB%8C%80%20%EB%A7%9B%EC%A7%91/place/1916514301?c=15.00,0,0,0,dh&placePath=/home?entry=bmp&from=map&fromPanelNum=2&timestamp=202508311615&locale=ko&svcName=map_pcv5&searchText=%EB%B6%80%EC%82%B0%EB%8C%80%20%EB%A7%9B%EC%A7%91",0,0,
청해루,"",,"https://map.naver.com/p/search/%EB%B6%80%EC%82%B0%EB%8C%80%20%EB%A7%9B%EC%A7%91/place/16634814?c=15.00,0,0,0,dh&placePath=/home?entry=bmp&from=map&fromPanelNum=2&timestamp=202508311615&locale=ko&svcName=map_pcv5&searchText=%EB%B6%80%EC%82%B0%EB%8C%80%20%EB%A7%9B%EC%A7%91",0,0,
돈까스겸,"",,"https://map.naver.com/p/search/%EB%B6%80%EC%82%B0%EB%8C%80%20%EB%A7%9B%EC%A7%91/place/16614184?c=15.00,0,0,0,dh&placePath=/home?entry=bmp&from=map&fromPanelNum=2&timestamp=202508311616&locale=ko&svcName=map_pcv5&searchText=%EB%B6%80%EC%82%B0%EB%8C%80%20%EB%A7%9B%EC%A7%91",0,0,
써브웨이 장전역점,"",,"https://map.naver.com/p/search/%EB%B6%80%EC%82%B0%EB%8C%80%20%EB%A7%9B%EC%A7%91/place/477214155?c=15.00,0,0,0,dh&placePath=/home?entry=bmp&from=map&fromPanelNum=2&timestamp=202508311616&locale=ko&svcName=map_pcv5&searchText=%EB%B6%80%EC%82%B0%EB%8C%80%20%EB%A7%9B%EC%A7%91",0,0,
카페드팽,"",,"https://map.naver.com/p/search/%EB%B6%80%EC%82%B0%EB%8C%80%20%EB%A7%9B%EC%A7%91/place/32625830?c=15.00,0,0,0,dh&placePath=/home?entry=bmp&from=map&fromPanelNum=2&timestamp=202508311616&locale=ko&svcName=map_pcv5&searchText=%EB%B6%80%EC%82%B0%EB%8C%80%20%EB%A7%9B%EC%A7%91",0,0,
이츠키,"",,"https://map.naver.com/p/search/%EB%B6%80%EC%82%B0%EB%8C%80%20%EB%A7%9B%EC%A7%91/place/1295424954?c=15.00,0,0,0,dh&placePath=/home?entry=bmp&from=map&fromPanelNum=2&timestamp=202508311616&locale=ko&svcName=map_pcv5&searchText=%EB%B6%80%EC%82%B0%EB%8C%80%20%EB%A7%9B%EC%A7%91",0,0,
나오리쇼쿠 부산대점,"",,"https://map.naver.com/p/search/%EB%B6%80%EC%82%B0%EB%8C%80%20%EB%A7%9B%EC%A7%91/place/1071385723?c=15.00,0,0,0,dh&placePath=/home?entry=bmp&from=map&fromPanelNum=2&timestamp=202508311617&locale=ko&svcName=map_pcv5&searchText=%EB%B6%80%EC%82%B0%EB%8C%80%20%EB%A7%9B%EC%A7%91",0,0,
쿠카이야,"",,"https://map.naver.com/p/search/%EB%B6%80%EC%82%B0%EB%8C%80%20%EB%A7%9B%EC%A7%91/place/38235864?c=15.00,0,0,0,dh&placePath=/home?entry=bmp&from=map&fromPanelNum=2&timestamp=202508311617&locale=ko&svcName=map_pcv5&searchText=%EB%B6%80%EC%82%B0%EB%8C%80%20%EB%A7%9B%EC%A7%91",0,0,
삼세랑,"",,"https://map.naver.com/p/search/%EB%B6%80%EC%82%B0%EB%8C%80%20%EB%A7%9B%EC%A7%91/place/37162073?c=15.00,0,0,0,dh&placePath=/home?entry=bmp&from=map&fromPanelNum=2&timestamp=202508311617&locale=ko&svcName=map_pcv5&searchText=%EB%B6%80%EC%82%B0%EB%8C%80%20%EB%A7%9B%EC%A7%91",0,0,
박가부대 부산대점,"",,"https://map.naver.com/p/search/%EB%B6%80%EC%82%B0%EB%8C%80%20%EB%A7%9B%EC%A7%91/place/36957644?c=15.00,0,0,0,dh&placePath=/home?entry=bmp&from=map&fromPanelNum=2&timestamp=202508311617&locale=ko&svcName=map_pcv5&searchText=%EB%B6%80%EC%82%B0%EB%8C%80%20%EB%A7%9B%EC%A7%91",0,0,
하나요이,"",,"https://map.naver.com/p/search/%EB%B6%80%EC%82%B0%EB%8C%80%20%EB%A7%9B%EC%A7%91/place/1252790310?c=15.00,0,0,0,dh&placePath=/home?entry=bmp&from=map&fromPanelNum=2&timestamp=202508311618&locale=ko&svcName=map_pcv5&searchText=%EB%B6%80%EC%82%B0%EB%8C%80%20%EB%A7%9B%EC%A7%91",0,0,
쉐 기욤,"",,"https://map.naver.com/p/search/%EB%B6%80%EC%82%B0%EB%8C%80%20%EB%A7%9B%EC%A7%91/place/31119775?c=15.00,0,0,0,dh&placePath=/home?entry=bmp&from=map&fromPanelNum=2&timestamp=202508311618&locale=ko&svcName=map_pcv5&searchText=%EB%B6%80%EC%82%B0%EB%8C%80%20%EB%A7%9B%EC%A7%91",0,0,
벽제령,"",,"https://map.naver.com/p/search/%EB%B6%80%EC%82%B0%EB%8C%80%20%EB%A7%9B%EC%A7%91/place/38549218?c=15.00,0,0,0,dh&placePath=/home?entry=bmp&from=map&fromPanelNum=2&timestamp=202508311618&locale=ko&svcName=map_pcv5&searchText=%EB%B6%80%EC%82%B0%EB%8C%80%20%EB%A7%9B%EC%A7%91",0,0,
시골통돼지볶음 부산대점,"",,"https://map.naver.com/p/search/%EB%B6%80%EC%82%B0%EB%8C%80%20%EB%A7%9B%EC%A7%91/place/1699167347?c=15.00,0,0,0,dh&placePath=/home?entry=bmp&from=map&fromPanelNum=2&timestamp=202508311618&locale=ko&svcName=map_pcv5&searchText=%EB%B6%80%EC%82%B0%EB%8C%80%20%EB%A7%9B%EC%A7%91",0,0,
니노마에,"",,"https://map.naver.com/p/search/%EB%B6%80%EC%82%B0%EB%8C%80%20%EB%A7%9B%EC%A7%91/place/2070787692?c=15.00,0,0,0,dh&placePath=/home?entry=bmp&from=map&fromPanelNum=2&timestamp=202508311619&locale=ko&svcName=map_pcv5&searchText=%EB%B6%80%EC%82%B0%EB%8C%80%20%EB%A7%9B%EC%A7%91",0,0,
라화공방 부산대점 (26호점),"",,"https://map.naver.com/p/search/%EB%B6%80%EC%82%B0%EB%8C%80%20%EB%A7%9B%EC%A7%91/place/1181157097?c=15.00,0,0,0,dh&placePath=/home?entry=bmp&from=map&fromPanelNum=2&timestamp=202508311619&locale=ko&svcName=map_pcv5&searchText=%EB%B6%80%EC%82%B0%EB%8C%80%20%EB%A7%9B%EC%A7%91",0,0,
행복한상,"",,"https://map.naver.com/p/search/%EB%B6%80%EC%82%B0%EB%8C%80%20%EB%A7%9B%EC%A7%91/place/1291177879?c=15.00,0,0,0,dh&placePath=/home?entry=bmp&from=map&fromPanelNum=2&timestamp=202508311619&locale=ko&svcName=map_pcv5&searchText=%EB%B6%80%EC%82%B0%EB%8C%80%20%EB%A7%9B%EC%A7%91",0,0,
피나치공 부산대점,"",,"https://map.naver.com/p/search/%EB%B6%80%EC%82%B0%EB%8C%80%20%EB%A7%9B%EC%A7%91/place/33217641?c=15.00,0,0,0,dh&placePath=/home?entry=bmp&from=map&fromPanelNum=2&timestamp=202508311619&locale=ko&svcName=map_pcv5&searchText=%EB%B6%80%EC%82%B0%EB%8C%80%20%EB%A7%9B%EC%A7%91",0,0,
부산대 매일꽃돈,"",,"https://map.naver.com/p/search/%EB%B6%80%EC%82%B0%EB%8C%80%20%EB%A7%9B%EC%A7%91/place/1233754447?c=15.00,0,0,0,dh&placePath=/home?entry=bmp&from=map&fromPanelNum=2&timestamp=202508311620&locale=ko&svcName=map_pcv5&searchText=%EB%B6%80%EC%82%B0%EB%8C%80%20%EB%A7%9B%EC%A7%91",0,0,
티니248 부산대 직영점,"",,"https://map.naver.com/p/search/%EB%B6%80%EC%82%B0%EB%8C%80%20%EB%A7%9B%EC%A7%91/place/1780878256?c=15.00,0,0,0,dh&placePath=/home?entry=bmp&from=map&fromPanelNum=2&timestamp=202508311620&locale=ko&svcName=map_pcv5&searchText=%EB%B6%80%EC%82%B0%EB%8C%80%20%EB%A7%9B%EC%A7%91",0,0,
촨촨향 양꼬치,"",,"https://map.naver.com/p/search/%EB%B6%80%EC%82%B0%EB%8C%80%20%EB%A7%9B%EC%A7%91/place/1701218285?c=15.00,0,0,0,dh&placePath=/home?entry=bmp&from=map&fromPanelNum=2&timestamp=202508311620&locale=ko&svcName=map_pcv5&searchText=%EB%B6%80%EC%82%B0%EB%8C%80%20%EB%A7%9B%EC%A7%91",0,0,
스몰굿커피 부산대점,"",,"https://map.naver.com/p/search/%EB%B6%80%EC%82%B0%EB%8C%80%20%EB%A7%9B%EC%A7%91/place/1059923227?c=15.00,0,0,0,dh&placePath=/home?entry=bmp&from=map&fromPanelNum=2&timestamp=202508311620&locale=ko&svcName=map_pcv5&searchText=%EB%B6%80%EC%82%B0%EB%8C%80%20%EB%A7%9B%EC%A7%91",0,0,
코코브라운,"",,"https://map.naver.com/p/search/%EB%B6%80%EC%82%B0%EB%8C%80%20%EB%A7%9B%EC%A7%91/place/36379350?c=15.00,0,0,0,dh&placePath=/home?entry=bmp&from=map&fromPanelNum=2&timestamp=202508311621&locale=ko&svcName=map_pcv5&searchText=%EB%B6%80%EC%82%B0%EB%8C%80%20%EB%A7%9B%EC%A7%91",0,0,
리틀프랑 본점,"",,"https://map.naver.com/p/search/%EB%B6%80%EC%82%B0%EB%8C%80%20%EB%A7%9B%EC%A7%91/place/19641866?c=15.00,0,0,0,dh&placePath=/home?entry=bmp&from=map&fromPanelNum=2&timestamp=202508311621&locale=ko&svcName=map_pcv5&searchText=%EB%B6%80%EC%82%B0%EB%8C%80%20%EB%A7%9B%EC%A7%91",0,0,
보글보글국밥,"",,"https://map.naver.com/p/search/%EB%B6%80%EC%82%B0%EB%8C%80%20%EB%A7%9B%EC%A7%91/place/38275515?c=15.00,0,0,0,dh&placePath=/home?entry=bmp&from=map&fromPanelNum=2&timestamp=202508311621&locale=ko&svcName=map_pcv5&searchText=%EB%B6%80%EC%82%B0%EB%8C%80%20%EB%A7%9B%EC%A7%91",0,0,
솔밭집,"",,"https://map.naver.com/p/search/%EB%B6%80%EC%82%B0%EB%8C%80%20%EB%A7%9B%EC%A7%91/place/31160906?c=15.00,0,0,0,dh&placePath=/home?entry=bmp&from=map&fromPanelNum=2&timestamp=202508311622&locale=ko&svcName=map_pcv5&searchText=%EB%B6%80%EC%82%B0%EB%8C%80%20%EB%A7%9B%EC%A7%91",0,0,
스스키노 부산대점,"",,"https://map.naver.com/p/search/%EB%B6%80%EC%82%B0%EB%8C%80%20%EB%A7%9B%EC%A7%91/place/1565755684?c=15.00,0,0,0,dh&placePath=/home?entry=bmp&from=map&fromPanelNum=2&timestamp=202508311622&locale=ko&svcName=map_pcv5&searchText=%EB%B6%80%EC%82%B0%EB%8C%80%20%EB%A7%9B%EC%A7%91",0,0,
앵그리웍 부산본점,"",,"https://map.naver.com/p/search/%EB%B6%80%EC%82%B0%EB%8C%80%20%EB%A7%9B%EC%A7%91/place/1572532378?c=15.00,0,0,0,dh&placePath=/home?entry=bmp&from=map&fromPanelNum=2&timestamp=202508311622&locale=ko&svcName=map_pcv5&searchText=%EB%B6%80%EC%82%B0%EB%8C%80%20%EB%A7%9B%EC%A7%91",0,0,
춘리마라탕 부산대점,"",,"https://map.naver.com/p/search/%EB%B6%80%EC%82%B0%EB%8C%80%20%EB%A7%9B%EC%A7%91/place/1598417257?c=15.00,0,0,0,dh&placePath=/home?entry=bmp&from=map&fromPanelNum=2&timestamp=202508311623&locale=ko&svcName=map_pcv5&searchText=%EB%B6%80%EC%82%B0%EB%8C%80%20%EB%A7%9B%EC%A7%91",0,0,
알통떡강정 부산장전점,"",,"https://map.naver.com/p/search/%EB%B6%80%EC%82%B0%EB%8C%80%20%EB%A7%9B%EC%A7%91/place/1980088775?c=15.00,0,0,0,dh&placePath=/home?entry=bmp&from=map&fromPanelNum=2&timestamp=202508311623&locale=ko&svcName=map_pcv5&searchText=%EB%B6%80%EC%82%B0%EB%8C%80%20%EB%A7%9B%EC%A7%91",0,0,
로베오네,"",,"https://map.naver.com/p/search/%EB%B6%80%EC%82%B0%EB%8C%80%20%EB%A7%9B%EC%A7%91/place/1303594267?c=15.00,0,0,0,dh&placePath=/home?entry=bmp&from=map&fromPanelNum=2&timestamp=202508311623&locale=ko&svcName=map_pcv5&searchText=%EB%B6%80%EC%82%B0%EB%8C%80%20%EB%A7%9B%EC%A7%91",0,0,
긴자료코 부산대점,"",,"https://map.naver.com/p/search/%EB%B6%80%EC%82%B0%EB%8C%80%20%EB%A7%9B%EC%A7%91/place/1212527360?c=15.00,0,0,0,dh&placePath=/home?entry=bmp&from=map&fromPanelNum=2&timestamp=202508311623&locale=ko&svcName=map_pcv5&searchText=%EB%B6%80%EC%82%B0%EB%8C%80%20%EB%A7%9B%EC%A7%91",0,0,
파리바게뜨 부산대,"",,"https://map.naver.com/p/search/%EB%B6%80%EC%82%B0%EB%8C%80%20%EB%A7%9B%EC%A7%91/place/16891892?c=15.00,0,0,0,dh&placePath=/home?entry=bmp&from=map&fromPanelNum=2&timestamp=202508311624&locale=ko&svcName=map_pcv5&searchText=%EB%B6%80%EC%82%B0%EB%8C%80%20%EB%A7%9B%EC%A7%91",0,0,
어벤더치 부산대본점,"",,"https://map.naver.com/p/search/%EB%B6%80%EC%82%B0%EB%8C%80%20%EB%A7%9B%EC%A7%91/place/37562429?c=15.00,0,0,0,dh&placePath=/home?entry=bmp&from=map&fromPanelNum=2&timestamp=202508311624&locale=ko&svcName=map_pcv5&searchText=%EB%B6%80%EC%82%B0%EB%8C%80%20%EB%A7%9B%EC%A7%91",0,0,
상생라멘 부산대점,"",,"https://map.naver.com/p/search/%EB%B6%80%EC%82%B0%EB%8C%80%20%EB%A7%9B%EC%A7%91/place/1380886090?c=15.00,0,0,0,dh&placePath=/home?entry=bmp&from=map&fromPanelNum=2&timestamp=202508311624&locale=ko&svcName=map_pcv5&searchText=%EB%B6%80%EC%82%B0%EB%8C%80%20%EB%A7%9B%EC%A7%91",0,0,
조선칼국수와통막걸리 부산대점,"",,"https://map.naver.com/p/search/%EB%B6%80%EC%82%B0%EB%8C%80%20%EB%A7%9B%EC%A7%91/place/37977340?c=15.00,0,0,0,dh&placePath=/home?entry=bmp&from=map&fromPanelNum=2&timestamp=202508311624&locale=ko&svcName=map_pcv5&searchText=%EB%B6%80%EC%82%B0%EB%8C%80%20%EB%A7%9B%EC%A7%91",0,0,
카페 그라운드,"",,"https://map.naver.com/p/search/%EB%B6%80%EC%82%B0%EB%8C%80%20%EB%A7%9B%EC%A7%91/place/1946830193?c=15.00,0,0,0,dh&placePath=/home?entry=bmp&from=map&fromPanelNum=2&timestamp=202508311625&locale=ko&svcName=map_pcv5&searchText=%EB%B6%80%EC%82%B0%EB%8C%80%20%EB%A7%9B%EC%A7%91",0,0,
역전할머니맥주 부산대점,"",,"https://map.naver.com/p/search/%EB%B6%80%EC%82%B0%EB%8C%80%20%EB%A7%9B%EC%A7%91/place/1238642782?c=15.00,0,0,0,dh&placePath=/home?entry=bmp&from=map&fromPanelNum=2&timestamp=202508311625&locale=ko&svcName=map_pcv5&searchText=%EB%B6%80%EC%82%B0%EB%8C%80%20%EB%A7%9B%EC%A7%91",0,0,
서울깍두기 본점,"",,"https://map.naver.com/p/search/%EB%B6%80%EC%82%B0%EB%8C%80%20%EB%A7%9B%EC%A7%91/place/11600053?c=15.00,0,0,0,dh&placePath=/home?entry=bmp&from=map&fromPanelNum=2&timestamp=202508311625&locale=ko&svcName=map_pcv5&searchText=%EB%B6%80%EC%82%B0%EB%8C%80%20%EB%A7%9B%EC%A7%91",0,0,
브런치가든숲,"",,"https://map.naver.com/p/search/%EB%B6%80%EC%82%B0%EB%8C%80%20%EB%A7%9B%EC%A7%91/place/1188019288?c=15.00,0,0,0,dh&placePath=/home?entry=bmp&from=map&fromPanelNum=2&timestamp=202508311626&locale=ko&svcName=map_pcv5&searchText=%EB%B6%80%EC%82%B0%EB%8C%80%20%EB%A7%9B%EC%A7%91",0,0,
고성횟집,"",,"https://map.naver.com/p/search/%EB%B6%80%EC%82%B0%EB%8C%80%20%EB%A7%9B%EC%A7%91/place/16896228?c=15.00,0,0,0,dh&placePath=/home?entry=bmp&from=map&fromPanelNum=2&timestamp=202508311626&locale=ko&svcName=map_pcv5&searchText=%EB%B6%80%EC%82%B0%EB%8C%80%20%EB%A7%9B%EC%A7%91",0,0,
제주대패랑 옛날갈비 부산대점,"",,"https://map.naver.com/p/search/%EB%B6%80%EC%82%B0%EB%8C%80%20%EB%A7%9B%EC%A7%91/place/1710041827?c=15.00,0,0,0,dh&placePath=/home?entry=bmp&from=map&fromPanelNum=2&timestamp=202508311626&locale=ko&svcName=map_pcv5&searchText=%EB%B6%80%EC%82%B0%EB%8C%80%20%EB%A7%9B%EC%A7%91",0,0,
미분당 부산대점,"",,"https://map.naver.com/p/search/%EB%B6%80%EC%82%B0%EB%8C%80%20%EB%A7%9B%EC%A7%91/place/1505394640?c=15.00,0,0,0,dh&placePath=/home?entry=bmp&from=map&fromPanelNum=2&timestamp=202508311626&locale=ko&svcName=map_pcv5&searchText=%EB%B6%80%EC%82%B0%EB%8C%80%20%EB%A7%9B%EC%A7%91",0,0,
샤브향 부산대점,"",,"https://map.naver.com/p/search/%EB%B6%80%EC%82%B0%EB%8C%80%20%EB%A7%9B%EC%A7%91/place/37160739?c=15.00,0,0,0,dh&placePath=/home?entry=bmp&from=map&fromPanelNum=2&timestamp=202508311627&locale=ko&svcName=map_pcv5&searchText=%EB%B6%80%EC%82%B0%EB%8C%80%20%EB%A7%9B%EC%A7%91",0,0,
Poke all day 포케&샐러드 부산대점,"",,"https://map.naver.com/p/search/%EB%B6%80%EC%82%B0%EB%8C%80%20%EB%A7%9B%EC%A7%91/place/1293067837?c=15.00,0,0,0,dh&placePath=/home?entry=bmp&from=map&fromPanelNum=2&timestamp=202508311627&locale=ko&svcName=map_pcv5&searchText=%EB%B6%80%EC%82%B0%EB%8C%80%20%EB%A7%9B%EC%A7%91",0,0,
이가족발,"",,"https://map.naver.com/p/search/%EB%B6%80%EC%82%B0%EB%8C%80%20%EB%A7%9B%EC%A7%91/place/1901007968?c=15.00,0,0,0,dh&placePath=/home?entry=bmp&from=map&fromPanelNum=2&timestamp=202508311627&locale=ko&svcName=map_pcv5&searchText=%EB%B6%80%EC%82%B0%EB%8C%80%20%EB%A7%9B%EC%A7%91",0,0,
살아있네문어,"",,"https://map.naver.com/p/search/%EB%B6%80%EC%82%B0%EB%8C%80%20%EB%A7%9B%EC%A7%91/place/1979796882?c=15.00,0,0,0,dh&placePath=/home?entry=bmp&from=map&fromPanelNum=2&timestamp=202508311628&locale=ko&svcName=map_pcv5&searchText=%EB%B6%80%EC%82%B0%EB%8C%80%20%EB%A7%9B%EC%A7%91",0,0,
안다미로 부산대본점,"",,"https://map.naver.com/p/search/%EB%B6%80%EC%82%B0%EB%8C%80%20%EB%A7%9B%EC%A7%91/place/21618550?c=15.00,0,0,0,dh&placePath=/home?entry=bmp&from=map&fromPanelNum=2&timestamp=202508311628&locale=ko&svcName=map_pcv5&searchText=%EB%B6%80%EC%82%B0%EB%8C%80%20%EB%A7%9B%EC%A7%91",0,0,
족발신선생 부산대점,"",,"https://map.naver.com/p/search/%EB%B6%80%EC%82%B0%EB%8C%80%20%EB%A7%9B%EC%A7%91/place/1703248265?c=15.00,0,0,0,dh&placePath=/home?entry=bmp&from=map&fromPanelNum=2&timestamp=202508311628&locale=ko&svcName=map_pcv5&searchText=%EB%B6%80%EC%82%B0%EB%8C%80%20%EB%A7%9B%EC%A7%91",0,0,
철마뒷고기 온천2호점,"",,"https://map.naver.com/p/search/%EB%B6%80%EC%82%B0%EB%8C%80%20%EB%A7%9B%EC%A7%91/place/1101759368?c=15.00,0,0,0,dh&placePath=/home?entry=bmp&from=map&fromPanelNum=2&timestamp=202508311629&locale=ko&svcName=map_pcv5&searchText=%EB%B6%80%EC%82%B0%EB%8C%80%20%EB%A7%9B%EC%A7%91",0,0,
애요스다이닝 부산대점,"",,"https://map.naver.com/p/search/%EB%B6%80%EC%82%B0%EB%8C%80%20%EB%A7%9B%EC%A7%91/place/1620866654?c=15.00,0,0,0,dh&placePath=/home?entry=bmp&from=map&fromPanelNum=2&timestamp=202508311629&locale=ko&svcName=map_pcv5&searchText=%EB%B6%80%EC%82%B0%EB%8C%80%20%EB%A7%9B%EC%A7%91",0,0,
하나이미 부산대점,"",,"https://map.naver.com/p/search/%EB%B6%80%EC%82%B0%EB%8C%80%20%EB%A7%9B%EC%A7%91/place/231551807?c=15.00,0,0,0,dh&placePath=/home?entry=bmp&from=map&fromPanelNum=2&timestamp=202508311629&locale=ko&svcName=map_pcv5&searchText=%EB%B6%80%EC%82%B0%EB%8C%80%20%EB%A7%9B%EC%A7%91",0,0,
물고기,"",,"https://map.naver.com/p/search/%EB%B6%80%EC%82%B0%EB%8C%80%20%EB%A7%9B%EC%A7%91/place/1875030672?c=15.00,0,0,0,dh&placePath=/home?entry=bmp&from=map&fromPanelNum=2&timestamp=202508311630&locale=ko&svcName=map_pcv5&searchText=%EB%B6%80%EC%82%B0%EB%8C%80%20%EB%A7%9B%EC%A7%91",0,0,
평화김해뒷고기 부산대점,"",,"https://map.naver.com/p/search/%EB%B6%80%EC%82%B0%EB%8C%80%20%EB%A7%9B%EC%A7%91/place/1482470785?c=15.00,0,0,0,dh&placePath=/home?entry=bmp&from=map&fromPanelNum=2&timestamp=202508311630&locale=ko&svcName=map_pcv5&searchText=%EB%B6%80%EC%82%B0%EB%8C%80%20%EB%A7%9B%EC%A7%91",0,0,
백초밥,"",,"https://map.naver.com/p/search/%EB%B6%80%EC%82%B0%EB%8C%80%20%EB%A7%9B%EC%A7%91/place/2030931858?c=15.00,0,0,0,dh&placePath=/home?entry=bmp&from=map&fromPanelNum=2&timestamp=202508311630&locale=ko&svcName=map_pcv5&searchText=%EB%B6%80%EC%82%B0%EB%8C%80%20%EB%A7%9B%EC%A7%91",0,0,
파리바게뜨 금정부곡점,"",,"https://map.naver.com/p/search/%EB%B6%80%EC%82%B0%EB%8C%80%20%EB%A7%9B%EC%A7%91/place/1618513786?c=15.00,0,0,0,dh&placePath=/home?entry=bmp&from=map&fromPanelNum=2&timestamp=202508311630&locale=ko&svcName=map_pcv5&searchText=%EB%B6%80%EC%82%B0%EB%8C%80%20%EB%A7%9B%EC%A7%91",0,0,
땅스부대찌개 장전점,"",,"https://map.naver.com/p/search/%EB%B6%80%EC%82%B0%EB%8C%80%20%EB%A7%9B%EC%A7%91/place/1134501410?c=15.00,0,0,0,dh&placePath=/home?entry=bmp&from=map&fromPanelNum=2&timestamp=202508311631&locale=ko&svcName=map_pcv5&searchText=%EB%B6%80%EC%82%B0%EB%8C%80%20%EB%A7%9B%EC%A7%91",0,0,
유가솜씨 부산대본점,"",,"https://map.naver.com/p/search/%EB%B6%80%EC%82%B0%EB%8C%80%20%EB%A7%9B%EC%A7%91/place/1939043289?c=15.00,0,0,0,dh&placePath=/home?entry=bmp&from=map&fromPanelNum=2&timestamp=202508311631&locale=ko&svcName=map_pcv5&searchText=%EB%B6%80%EC%82%B0%EB%8C%80%20%EB%A7%9B%EC%A7%91",0,0,
이삭토스트 부산대점,"",,"https://map.naver.com/p/search/%EB%B6%80%EC%82%B0%EB%8C%80%20%EB%A7%9B%EC%A7%91/place/37179119?c=15.00,0,0,0,dh&placePath=/home?entry=bmp&from=map&fromPanelNum=2&timestamp=202508311631&locale=ko&svcName=map_pcv5&searchText=%EB%B6%80%EC%82%B0%EB%8C%80%20%EB%A7%9B%EC%A7%91",0,0,
구르미곳간 떡케이크,"",,"https://map.naver.com/p/search/%EB%B6%80%EC%82%B0%EB%8C%80%20%EB%A7%9B%EC%A7%91/place/1206230091?c=15.00,0,0,0,dh&placePath=/home?entry=bmp&from=map&fromPanelNum=2&timestamp=202508311632&locale=ko&svcName=map_pcv5&searchText=%EB%B6%80%EC%82%B0%EB%8C%80%20%EB%A7%9B%EC%A7%91",0,0,
우마이도 부산점,"",,"https://map.naver.com/p/search/%EB%B6%80%EC%82%B0%EB%8C%80%20%EB%A7%9B%EC%A7%91/place/13572009?c=15.00,0,0,0,dh&placePath=/home?entry=bmp&from=map&fromPanelNum=2&timestamp=202508311632&locale=ko&svcName=map_pcv5&searchText=%EB%B6%80%EC%82%B0%EB%8C%80%20%EB%A7%9B%EC%A7%91",0,0,
황금칼국수,"",,"https://map.naver.com/p/search/%EB%B6%80%EC%82%B0%EB%8C%80%20%EB%A7%9B%EC%A7%91/place/31683743?c=15.00,0,0,0,dh&placePath=/home?entry=bmp&from=map&fromPanelNum=2&timestamp=202508311632&locale=ko&svcName=map_pcv5&searchText=%EB%B6%80%EC%82%B0%EB%8C%80%20%EB%A7%9B%EC%A7%91",0,0,
거북이동네 부산장전점,"",,"https://map.naver.com/p/search/%EB%B6%80%EC%82%B0%EB%8C%80%20%EB%A7%9B%EC%A7%91/place/1683372796?c=15.00,0,0,0,dh&placePath=/home?entry=bmp&from=map&fromPanelNum=2&timestamp=202508311632&locale=ko&svcName=map_pcv5&searchText=%EB%B6%80%EC%82%B0%EB%8C%80%20%EB%A7%9B%EC%A7%91",0,0,
번아웃커피 부산대점,"",,"https://map.naver.com/p/search/%EB%B6%80%EC%82%B0%EB%8C%80%20%EB%A7%9B%EC%A7%91/place/1560137852?c=15.00,0,0,0,dh&placePath=/home?entry=bmp&from=map&fromPanelNum=2&timestamp=202508311633&locale=ko&svcName=map_pcv5&searchText=%EB%B6%80%EC%82%B0%EB%8C%80%20%EB%A7%9B%EC%A7%91",0,0,
운죽정북카페,"",,"https://map.naver.com/p/search/%EB%B6%80%EC%82%B0%EB%8C%80%20%EB%A7%9B%EC%A7%91/place/1882833749?c=15.00,0,0,0,dh&placePath=/home?entry=bmp&from=map&fromPanelNum=2&timestamp=202508311633&locale=ko&svcName=map_pcv5&searchText=%EB%B6%80%EC%82%B0%EB%8C%80%20%EB%A7%9B%EC%A7%91",0,0,
챠오샤브 장전역점,"",,"https://map.naver.com/p/search/%EB%B6%80%EC%82%B0%EB%8C%80%20%EB%A7%9B%EC%A7%91/place/1177697289?c=15.00,0,0,0,dh&placePath=/home?entry=bmp&from=map&fromPanelNum=2&timestamp=202508311633&locale=ko&svcName=map_pcv5&searchText=%EB%B6%80%EC%82%B0%EB%8C%80%20%EB%A7%9B%EC%A7%91",0,0,
컬리반스,"",,"https://map.naver.com/p/search/%EB%B6%80%EC%82%B0%EB%8C%80%20%EB%A7%9B%EC%A7%91/place/1194334939?c=15.00,0,0,0,dh&placePath=/home?entry=bmp&from=map&fromPanelNum=2&timestamp=202508311634&locale=ko&svcName=map_pcv5&searchText=%EB%B6%80%EC%82%B0%EB%8C%80%20%EB%A7%9B%EC%A7%91",0,0,
미진황소한우곱창,"",,"https://map.naver.com/p/search/%EB%B6%80%EC%82%B0%EB%8C%80%20%EB%A7%9B%EC%A7%91/place/1225521160?c=15.00,0,0,0,dh&placePath=/home?entry=bmp&from=map&fromPanelNum=2&timestamp=202508311634&locale=ko&svcName=map_pcv5&searchText=%EB%B6%80%EC%82%B0%EB%8C%80%20%EB%A7%9B%EC%A7%91",0,0,
디귿,"",,"https://map.naver.com/p/search/%EB%B6%80%EC%82%B0%EB%8C%80%20%EB%A7%9B%EC%A7%91/place/1652572035?c=15.00,0,0,0,dh&placePath=/home?entry=bmp&from=map&fromPanelNum=2&timestamp=202508311634&locale=ko&svcName=map_pcv5&searchText=%EB%B6%80%EC%82%B0%EB%8C%80%20%EB%A7%9B%EC%A7%91",0,0,
마장동고기집 부산대점,"",,"https://map.naver.com/p/search/%EB%B6%80%EC%82%B0%EB%8C%80%20%EB%A7%9B%EC%A7%91/place/1208148225?c=15.00,0,0,0,dh&placePath=/home?entry=bmp&from=map&fromPanelNum=2&timestamp=202508311635&locale=ko&svcName=map_pcv5&searchText=%EB%B6%80%EC%82%B0%EB%8C%80%20%EB%A7%9B%EC%A7%91",0,0,
형제식육식당직영점,"",,"https://map.naver.com/p/search/%EB%B6%80%EC%82%B0%EB%8C%80%20%EB%A7%9B%EC%A7%91/place/19695921?c=15.00,0,0,0,dh&placePath=/home?entry=bmp&from=map&fromPanelNum=2&timestamp=202508311635&locale=ko&svcName=map_pcv5&searchText=%EB%B6%80%EC%82%B0%EB%8C%80%20%EB%A7%9B%EC%A7%91",0,0,
신전떡볶이 부산대점,"",,"https://map.naver.com/p/search/%EB%B6%80%EC%82%B0%EB%8C%80%20%EB%A7%9B%EC%A7%91/place/33811351?c=15.00,0,0,0,dh&placePath=/home?entry=bmp&from=map&fromPanelNum=2&timestamp=202508311635&locale=ko&svcName=map_pcv5&searchText=%EB%B6%80%EC%82%B0%EB%8C%80%20%EB%A7%9B%EC%A7%91",0,0,
계성상회,"",,"https://map.naver.com/p/search/%EB%B6%80%EC%82%B0%EB%8C%80%20%EB%A7%9B%EC%A7%91/place/1943276272?c=15.00,0,0,0,dh&placePath=/home?entry=bmp&from=map&fromPanelNum=2&timestamp=202508311636&locale=ko&svcName=map_pcv5&searchText=%EB%B6%80%EC%82%B0%EB%8C%80%20%EB%A7%9B%EC%A7%91",0,0,
혼토스시,"",,"https://map.naver.com/p/search/%EB%B6%80%EC%82%B0%EB%8C%80%20%EB%A7%9B%EC%A7%91/place/1433302514?c=15.00,0,0,0,dh&placePath=/home?entry=bmp&from=map&fromPanelNum=2&timestamp=202508311636&locale=ko&svcName=map_pcv5&searchText=%EB%B6%80%EC%82%B0%EB%8C%80%20%EB%A7%9B%EC%A7%91",0,0,
명물토스트,"",,"https://map.naver.com/p/search/%EB%B6%80%EC%82%B0%EB%8C%80%20%EB%A7%9B%EC%A7%91/place/19660920?c=15.00,0,0,0,dh&placePath=/home?entry=bmp&from=map&fromPanelNum=2&timestamp=202508311636&locale=ko&svcName=map_pcv5&searchText=%EB%B6%80%EC%82%B0%EB%8C%80%20%EB%A7%9B%EC%A7%91",0,0,
마라내음,"",,"https://map.naver.com/p/search/%EB%B6%80%EC%82%B0%EB%8C%80%20%EB%A7%9B%EC%A7%91/place/1713971274?c=15.00,0,0,0,dh&placePath=/home?entry=bmp&from=map&fromPanelNum=2&timestamp=202508311637&locale=ko&svcName=map_pcv5&searchText=%EB%B6%80%EC%82%B0%EB%8C%80%20%EB%A7%9B%EC%A7%91",0,0,
전통쑥밀면 부산 본점,"",,"https://map.naver.com/p/search/%EB%B6%80%EC%82%B0%EB%8C%80%20%EB%A7%9B%EC%A7%91/place/16645685?c=15.00,0,0,0,dh&placePath=/home?entry=bmp&from=map&fromPanelNum=2&timestamp=202508311637&locale=ko&svcName=map_pcv5&searchText=%EB%B6%80%EC%82%B0%EB%8C%80%20%EB%A7%9B%EC%A7%91",0,0,
대길고추불고기,"",,"https://map.naver.com/p/search/%EB%B6%80%EC%82%B0%EB%8C%80%20%EB%A7%9B%EC%A7%91/place/11888914?c=15.00,0,0,0,dh&placePath=/home?entry=bmp&from=map&fromPanelNum=2&timestamp=202508311637&locale=ko&svcName=map_pcv5&searchText=%EB%B6%80%EC%82%B0%EB%8C%80%20%EB%A7%9B%EC%A7%91",0,0,
미각반점,"",,"https://map.naver.com/p/search/%EB%B6%80%EC%82%B0%EB%8C%80%20%EB%A7%9B%EC%A7%91/place/463430840?c=15.00,0,0,0,dh&placePath=/home?entry=bmp&from=map&fromPanelNum=2&timestamp=202508311638&locale=ko&svcName=map_pcv5&searchText=%EB%B6%80%EC%82%B0%EB%8C%80%20%EB%A7%9B%EC%A7%91",0,0,
꼭지네 부산대점,"",,"https://map.naver.com/p/search/%EB%B6%80%EC%82%B0%EB%8C%80%20%EB%A7%9B%EC%A7%91/place/2061567628?c=15.00,0,0,0,dh&placePath=/home?entry=bmp&from=map&fromPanelNum=2&timestamp=202508311638&locale=ko&svcName=map_pcv5&searchText=%EB%B6%80%EC%82%B0%EB%8C%80%20%EB%A7%9B%EC%A7%91",0,0,
이스탄불,"",,"https://map.naver.com/p/search/%EB%B6%80%EC%82%B0%EB%8C%80%20%EB%A7%9B%EC%A7%91/place/16646859?c=15.00,0,0,0,dh&placePath=/home?entry=bmp&from=map&fromPanelNum=2&timestamp=202508311638&locale=ko&svcName=map_pcv5&searchText=%EB%B6%80%EC%82%B0%EB%8C%80%20%EB%A7%9B%EC%A7%91",0,0,
우마이,"",,"https://map.naver.com/p/search/%EB%B6%80%EC%82%B0%EB%8C%80%20%EB%A7%9B%EC%A7%91/place/1596146458?c=15.00,0,0,0,dh&placePath=/home?entry=bmp&from=map&fromPanelNum=2&timestamp=202508311639&locale=ko&svcName=map_pcv5&searchText=%EB%B6%80%EC%82%B0%EB%8C%80%20%EB%A7%9B%EC%A7%91",0,0,
투썸플레이스 부산대정문점,"",,"https://map.naver.com/p/search/%EB%B6%80%EC%82%B0%EB%8C%80%20%EB%A7%9B%EC%A7%91/place/1455464841?c=15.00,0,0,0,dh&placePath=/home?entry=bmp&from=map&fromPanelNum=2&timestamp=202508311639&locale=ko&svcName=map_pcv5&searchText=%EB%B6%80%EC%82%B0%EB%8C%80%20%EB%A7%9B%EC%A7%91",0,0,
진국명가 부산대점,"",,"https://map.naver.com/p/search/%EB%B6%80%EC%82%B0%EB%8C%80%20%EB%A7%9B%EC%A7%91/place/31608417?c=15.00,0,0,0,dh&placePath=/home?entry=bmp&from=map&fromPanelNum=2&timestamp=202508311639&locale=ko&svcName=map_pcv5&searchText=%EB%B6%80%EC%82%B0%EB%8C%80%20%EB%A7%9B%EC%A7%91",0,0,
호호닭집,"",,"https://map.naver.com/p/search/%EB%B6%80%EC%82%B0%EB%8C%80%20%EB%A7%9B%EC%A7%91/place/16642530?c=15.00,0,0,0,dh&placePath=/home?entry=bmp&from=map&fromPanelNum=2&timestamp=202508311640&locale=ko&svcName=map_pcv5&searchText=%EB%B6%80%EC%82%B0%EB%8C%80%20%EB%A7%9B%EC%A7%91",0,0,
원조할매국밥 부곡점,"",,"https://map.naver.com/p/search/%EB%B6%80%EC%82%B0%EB%8C%80%20%EB%A7%9B%EC%A7%91/place/16901532?c=15.00,0,0,0,dh&placePath=/home?entry=bmp&from=map&fromPanelNum=2&timestamp=202508311640&locale=ko&svcName=map_pcv5&searchText=%EB%B6%80%EC%82%B0%EB%8C%80%20%EB%A7%9B%EC%A7%91",0,0,
노랑통닭 부산대점,"",,"https://map.naver.com/p/search/%EB%B6%80%EC%82%B0%EB%8C%80%20%EB%A7%9B%EC%A7%91/place/515691490?c=15.00,0,0,0,dh&placePath=/home?entry=bmp&from=map&fromPanelNum=2&timestamp=202508311640&locale=ko&svcName=map_pcv5&searchText=%EB%B6%80%EC%82%B0%EB%8C%80%20%EB%A7%9B%EC%A7%91",0,0,
맛있는고기에솜씨를더하다 장전점,"",,"https://map.naver.com/p/search/%EB%B6%80%EC%82%B0%EB%8C%80%20%EB%A7%9B%EC%A7%91/place/1076678787?c=15.00,0,0,0,dh&placePath=/home?entry=bmp&from=map&fromPanelNum=2&timestamp=202508311641&locale=ko&svcName=map_pcv5&searchText=%EB%B6%80%EC%82%B0%EB%8C%80%20%EB%A7%9B%EC%A7%91",0,0,
하얼빈,"",,"https://map.naver.com/p/search/%EB%B6%80%EC%82%B0%EB%8C%80%20%EB%A7%9B%EC%A7%91/place/1348409261?c=15.00,0,0,0,dh&placePath=/home?entry=bmp&from=map&fromPanelNum=2&timestamp=202508311641&locale=ko&svcName=map_pcv5&searchText=%EB%B6%80%EC%82%B0%EB%8C%80%20%EB%A7%9B%EC%A7%91",0,0,
문화카페 MERGE,"",,"https://map.naver.com/p/search/%EB%B6%80%EC%82%B0%EB%8C%80%20%EB%A7%9B%EC%A7%91/place/1573586934?c=15.00,0,0,0,dh&placePath=/home?entry=bmp&from=map&fromPanelNum=2&timestamp=202508311642&locale=ko&svcName=map_pcv5&searchText=%EB%B6%80%EC%82%B0%EB%8C%80%20%EB%A7%9B%EC%A7%91",0,0,
카페16온스 부산대점,"",,"https://map.naver.com/p/search/%EB%B6%80%EC%82%B0%EB%8C%80%20%EB%A7%9B%EC%A7%91/place/1336778287?c=15.00,0,0,0,dh&placePath=/home?entry=bmp&from=map&fromPanelNum=2&timestamp=202508311642&locale=ko&svcName=map_pcv5&searchText=%EB%B6%80%EC%82%B0%EB%8C%80%20%EB%A7%9B%EC%A7%91",0,0,
유림부대밀면,"",,"https://map.naver.com/p/search/%EB%B6%80%EC%82%B0%EB%8C%80%20%EB%A7%9B%EC%A7%91/place/35117378?c=15.00,0,0,0,dh&placePath=/home?entry=bmp&from=map&fromPanelNum=2&timestamp=202508311643&locale=ko&svcName=map_pcv5&searchText=%EB%B6%80%EC%82%B0%EB%8C%80%20%EB%A7%9B%EC%A7%91",0,0,
통큰집,"",,"https://map.naver.com/p/search/%EB%B6%80%EC%82%B0%EB%8C%80%20%EB%A7%9B%EC%A7%91/place/13005246?c=15.00,0,0,0,dh&placePath=/home?entry=bmp&from=map&fromPanelNum=2&timestamp=202508311643&locale=ko&svcName=map_pcv5&searchText=%EB%B6%80%EC%82%B0%EB%8C%80%20%EB%A7%9B%EC%A7%91",0,0,
내가찜한닭 부산대점,"",,"https://map.naver.com/p/search/%EB%B6%80%EC%82%B0%EB%8C%80%20%EB%A7%9B%EC%A7%91/place/556398296?c=15.00,0,0,0,dh&placePath=/home?entry=bmp&from=map&fromPanelNum=2&timestamp=202508311643&locale=ko&svcName=map_pcv5&searchText=%EB%B6%80%EC%82%B0%EB%8C%80%20%EB%A7%9B%EC%A7%91",0,0,
ola,"",,"https://map.naver.com/p/search/%EB%B6%80%EC%82%B0%EB%8C%80%20%EB%A7%9B%EC%A7%91/place/1433822376?c=15.00,0,0,0,dh&placePath=/home?entry=bmp&from=map&fromPanelNum=2&timestamp=202508311644&locale=ko&svcName=map_pcv5&searchText=%EB%B6%80%EC%82%B0%EB%8C%80%20%EB%A7%9B%EC%A7%91",0,0,
가거도횟집,"",,"https://map.naver.com/p/search/%EB%B6%80%EC%82%B0%EB%8C%80%20%EB%A7%9B%EC%A7%91/place/32019251?c=15.00,0,0,0,dh&placePath=/home?entry=bmp&from=map&fromPanelNum=2&timestamp=202508311644&locale=ko&svcName=map_pcv5&searchText=%EB%B6%80%EC%82%B0%EB%8C%80%20%EB%A7%9B%EC%A7%91",0,0,
샐러디 부산장전역점,"",,"https://map.naver.com/p/search/%EB%B6%80%EC%82%B0%EB%8C%80%20%EB%A7%9B%EC%A7%91/place/1442033102?c=15.00,0,0,0,dh&placePath=/home?entry=bmp&from=map&fromPanelNum=2&timestamp=202508311644&locale=ko&svcName=map_pcv5&searchText=%EB%B6%80%EC%82%B0%EB%8C%80%20%EB%A7%9B%EC%A7%91",0,0,
맘스터치 부산대점,"",,"https://map.naver.com/p/search/%EB%B6%80%EC%82%B0%EB%8C%80%20%EB%A7%9B%EC%A7%91/place/33133686?c=15.00,0,0,0,dh&placePath=/home?entry=bmp&from=map&fromPanelNum=2&timestamp=202508311645&locale=ko&svcName=map_pcv5&searchText=%EB%B6%80%EC%82%B0%EB%8C%80%20%EB%A7%9B%EC%A7%91",0,0,
골목,"",,"https://map.naver.com/p/search/%EB%B6%80%EC%82%B0%EB%8C%80%20%EB%A7%9B%EC%A7%91/place/1536390637?c=15.00,0,0,0,dh&placePath=/home?entry=bmp&from=map&fromPanelNum=2&timestamp=202508311645&locale=ko&svcName=map_pcv5&searchText=%EB%B6%80%EC%82%B0%EB%8C%80%20%EB%A7%9B%EC%A7%91",0,0,
유가네닭갈비 부산대점,"",,"https://map.naver.com/p/search/%EB%B6%80%EC%82%B0%EB%8C%80%20%EB%A7%9B%EC%A7%91/place/31927572?c=15.00,0,0,0,dh&placePath=/home?entry=bmp&from=map&fromPanelNum=2&timestamp=202508311646&locale=ko&svcName=map_pcv5&searchText=%EB%B6%80%EC%82%B0%EB%8C%80%20%EB%A7%9B%EC%A7%91",0,0,
나이트폴,"",,"https://map.naver.com/p/search/%EB%B6%80%EC%82%B0%EB%8C%80%20%EB%A7%9B%EC%A7%91/place/1238264823?c=15.00,0,0,0,dh&placePath=/home?entry=bmp&from=map&fromPanelNum=2&timestamp=202508311646&locale=ko&svcName=map_pcv5&searchText=%EB%B6%80%EC%82%B0%EB%8C%80%20%EB%A7%9B%EC%A7%91",0,0,
버거킹 부산금정오일뱅크점,"",,"https://map.naver.com/p/search/%EB%B6%80%EC%82%B0%EB%8C%80%20%EB%A7%9B%EC%A7%91/place/1797846936?c=15.00,0,0,0,dh&placePath=/home?entry=bmp&from=map&fromPanelNum=2&timestamp=202508311646&locale=ko&svcName=map_pcv5&searchText=%EB%B6%80%EC%82%B0%EB%8C%80%20%EB%A7%9B%EC%A7%91",0,0,
홍보석 숯불구이,"",,"https://map.naver.com/p/search/%EB%B6%80%EC%82%B0%EB%8C%80%20%EB%A7%9B%EC%A7%91/place/11666897?c=15.00,0,0,0,dh&placePath=/home?entry=bmp&from=map&fromPanelNum=2&timestamp=202508311647&locale=ko&svcName=map_pcv5&searchText=%EB%B6%80%EC%82%B0%EB%8C%80%20%EB%A7%9B%EC%A7%91",0,0,
칼집삼겹부산대본점,"",,"https://map.naver.com/p/search/%EB%B6%80%EC%82%B0%EB%8C%80%20%EB%A7%9B%EC%A7%91/place/20388918?c=15.00,0,0,0,dh&placePath=/home?entry=bmp&from=map&fromPanelNum=2&timestamp=202508311647&locale=ko&svcName=map_pcv5&searchText=%EB%B6%80%EC%82%B0%EB%8C%80%20%EB%A7%9B%EC%A7%91",0,0,
진가야밀면,"",,"https://map.naver.com/p/search/%EB%B6%80%EC%82%B0%EB%8C%80%20%EB%A7%9B%EC%A7%91/place/1607657128?c=15.00,0,0,0,dh&placePath=/home?entry=bmp&from=map&fromPanelNum=2&timestamp=202508311647&locale=ko&svcName=map_pcv5&searchText=%EB%B6%80%EC%82%B0%EB%8C%80%20%EB%A7%9B%EC%A7%91",0,0,
야타이스시,"",,"https://map.naver.com/p/search/%EB%B6%80%EC%82%B0%EB%8C%80%20%EB%A7%9B%EC%A7%91/place/1243238995?c=15.00,0,0,0,dh&placePath=/home?entry=bmp&from=map&fromPanelNum=2&timestamp=202508311648&locale=ko&svcName=map_pcv5&searchText=%EB%B6%80%EC%82%B0%EB%8C%80%20%EB%A7%9B%EC%A7%91",0,0,
돼지집딸,"",,"https://map.naver.com/p/search/%EB%B6%80%EC%82%B0%EB%8C%80%20%EB%A7%9B%EC%A7%91/place/36259806?c=15.00,0,0,0,dh&placePath=/home?entry=bmp&from=map&fromPanelNum=2&timestamp=202508311648&locale=ko&svcName=map_pcv5&searchText=%EB%B6%80%EC%82%B0%EB%8C%80%20%EB%A7%9B%EC%A7%91",0,0,
구름다리 쌈도둑,"",,"https://map.naver.com/p/search/%EB%B6%80%EC%82%B0%EB%8C%80%20%EB%A7%9B%EC%A7%91/place/909377871?c=15.00,0,0,0,dh&placePath=/home?entry=bmp&from=map&fromPanelNum=2&timestamp=202508311649&locale=ko&svcName=map_pcv5&searchText=%EB%B6%80%EC%82%B0%EB%8C%80%20%EB%A7%9B%EC%A7%91",0,0,
낙곱새 고래섬 부산대점,"",,"https://map.naver.com/p/search/%EB%B6%80%EC%82%B0%EB%8C%80%20%EB%A7%9B%EC%A7%91/place/1322818198?c=15.00,0,0,0,dh&placePath=/home?entry=bmp&from=map&fromPanelNum=2&timestamp=202508311649&locale=ko&svcName=map_pcv5&searchText=%EB%B6%80%EC%82%B0%EB%8C%80%20%EB%A7%9B%EC%A7%91",0,0,
바닐바닐,"",,"https://map.naver.com/p/search/%EB%B6%80%EC%82%B0%EB%8C%80%20%EB%A7%9B%EC%A7%91/place/1274224774?c=15.00,0,0,0,dh&placePath=/home?entry=bmp&from=map&fromPanelNum=2&timestamp=202508311649&locale=ko&svcName=map_pcv5&searchText=%EB%B6%80%EC%82%B0%EB%8C%80%20%EB%A7%9B%EC%A7%91",0,0,
부산밀면,"",,"https://map.naver.com/p/search/%EB%B6%80%EC%82%B0%EB%8C%80%20%EB%A7%9B%EC%A7%91/place/16644582?c=15.00,0,0,0,dh&placePath=/home?entry=bmp&from=map&fromPanelNum=2&timestamp=202508311650&locale=ko&svcName=map_pcv5&searchText=%EB%B6%80%EC%82%B0%EB%8C%80%20%EB%A7%9B%EC%A7%91",0,0,
버들로스터리,"",,"https://map.naver.com/p/search/%EB%B6%80%EC%82%B0%EB%8C%80%20%EB%A7%9B%EC%A7%91/place/1438715850?c=15.00,0,0,0,dh&placePath=/home?entry=bmp&from=map&fromPanelNum=2&timestamp=202508311650&locale=ko&svcName=map_pcv5&searchText=%EB%B6%80%EC%82%B0%EB%8C%80%20%EB%A7%9B%EC%A7%91",0,0,
지필,"",,"https://map.naver.com/p/search/%EB%B6%80%EC%82%B0%EB%8C%80%20%EB%A7%9B%EC%A7%91/place/1259913221?c=15.00,0,0,0,dh&placePath=/home?entry=bmp&from=map&fromPanelNum=2&timestamp=202508311651&locale=ko&svcName=map_pcv5&searchText=%EB%B6%80%EC%82%B0%EB%8C%80%20%EB%A7%9B%EC%A7%91",0,0,
겐로쿠우동 부산대점,"",,"https://map.naver.com/p/search/%EB%B6%80%EC%82%B0%EB%8C%80%20%EB%A7%9B%EC%A7%91/place/1463485451?c=15.00,0,0,0,dh&placePath=/home?entry=bmp&from=map&fromPanelNum=2&timestamp=202508311651&locale=ko&svcName=map_pcv5&searchText=%EB%B6%80%EC%82%B0%EB%8C%80%20%EB%A7%9B%EC%A7%91",0,0,
카페호밀,"",,"https://map.naver.com/p/search/%EB%B6%80%EC%82%B0%EB%8C%80%20%EB%A7%9B%EC%A7%91/place/1472719811?c=15.00,0,0,0,dh&placePath=/home?entry=bmp&from=map&fromPanelNum=2&timestamp=202508311651&locale=ko&svcName=map_pcv5&searchText=%EB%B6%80%EC%82%B0%EB%8C%80%20%EB%A7%9B%EC%A7%91",0,0,
하마하마베이크하우스,"",,"https://map.naver.com/p/search/%EB%B6%80%EC%82%B0%EB%8C%80%20%EB%A7%9B%EC%A7%91/place/1915068342?c=15.00,0,0,0,dh&placePath=/home?entry=bmp&from=map&fromPanelNum=2&timestamp=202508311652&locale=ko&svcName=map_pcv5&searchText=%EB%B6%80%EC%82%B0%EB%8C%80%20%EB%A7%9B%EC%A7%91",0,0,
365후루룩촌국수,"",,"https://map.naver.com/p/search/%EB%B6%80%EC%82%B0%EB%8C%80%20%EB%A7%9B%EC%A7%91/place/1347293602?c=15.00,0,0,0,dh&placePath=/home?entry=bmp&from=map&fromPanelNum=2&timestamp=202508311652&locale=ko&svcName=map_pcv5&searchText=%EB%B6%80%EC%82%B0%EB%8C%80%20%EB%A7%9B%EC%A7%91",0,0,
구월산돼지국밥,"",,"https://map.naver.com/p/search/%EB%B6%80%EC%82%B0%EB%8C%80%20%EB%A7%9B%EC%A7%91/place/1322586741?c=15.00,0,0,0,dh&placePath=/home?entry=bmp&from=map&fromPanelNum=2&timestamp=202508311653&locale=ko&svcName=map_pcv5&searchText=%EB%B6%80%EC%82%B0%EB%8C%80%20%EB%A7%9B%EC%A7%91",0,0,
백억커피 부산대점,"",,"https://map.naver.com/p/search/%EB%B6%80%EC%82%B0%EB%8C%80%20%EB%A7%9B%EC%A7%91/place/1127766838?c=15.00,0,0,0,dh&placePath=/home?entry=bmp&from=map&fromPanelNum=2&timestamp=202508311653&locale=ko&svcName=map_pcv5&searchText=%EB%B6%80%EC%82%B0%EB%8C%80%20%EB%A7%9B%EC%A7%91",0,0,
카페 도희,"",,"https://map.naver.com/p/search/%EB%B6%80%EC%82%B0%EB%8C%80%20%EB%A7%9B%EC%A7%91/place/1403054334?c=15.00,0,0,0,dh&placePath=/home?entry=bmp&from=map&fromPanelNum=2&timestamp=202508311653&locale=ko&svcName=map_pcv5&searchText=%EB%B6%80%EC%82%B0%EB%8C%80%20%EB%A7%9B%EC%A7%91",0,0,
동방축산 장전점,"",,"https://map.naver.com/p/search/%EB%B6%80%EC%82%B0%EB%8C%80%20%EB%A7%9B%EC%A7%91/place/1306876026?c=15.00,0,0,0,dh&placePath=/home?entry=bmp&from=map&fromPanelNum=2&timestamp=202508311654&locale=ko&svcName=map_pcv5&searchText=%EB%B6%80%EC%82%B0%EB%8C%80%20%EB%A7%9B%EC%A7%91",0,0,
지리돈 온천장 본점,"",,"https://map.naver.com/p/search/%EB%B6%80%EC%82%B0%EB%8C%80%20%EB%A7%9B%EC%A7%91/place/1463738774?c=15.00,0,0,0,dh&placePath=/home?entry=bmp&from=map&fromPanelNum=2&timestamp=202508311654&locale=ko&svcName=map_pcv5&searchText=%EB%B6%80%EC%82%B0%EB%8C%80%20%EB%A7%9B%EC%A7%91",0,0,
장전동회수산센터,"",,"https://map.naver.com/p/search/%EB%B6%80%EC%82%B0%EB%8C%80%20%EB%A7%9B%EC%A7%91/place/1482808456?c=15.00,0,0,0,dh&placePath=/home?entry=bmp&from=map&fromPanelNum=2&timestamp=202508311655&locale=ko&svcName=map_pcv5&searchText=%EB%B6%80%EC%82%B0%EB%8C%80%20%EB%A7%9B%EC%A7%91",0,0,
타임앤드플레이스,"",,"https://map.naver.com/p/search/%EB%B6%80%EC%82%B0%EB%8C%80%20%EB%A7%9B%EC%A7%91/place/1439153894?c=15.00,0,0,0,dh&placePath=/home?entry=bmp&from=map&fromPanelNum=2&timestamp=202508311655&locale=ko&svcName=map_pcv5&searchText=%EB%B6%80%EC%82%B0%EB%8C%80%20%EB%A7%9B%EC%A7%91",0,0,
정성식당,"",,"https://map.naver.com/p/search/%EB%B6%80%EC%82%B0%EB%8C%80%20%EB%A7%9B%EC%A7%91/place/34160546?c=15.00,0,0,0,dh&placePath=/home?entry=bmp&from=map&fromPanelNum=2&timestamp=202508311655&locale=ko&svcName=map_pcv5&searchText=%EB%B6%80%EC%82%B0%EB%8C%80%20%EB%A7%9B%EC%A7%91",0,0,
버터레코드,"",,"https://map.naver.com/p/search/%EB%B6%80%EC%82%B0%EB%8C%80%20%EB%A7%9B%EC%A7%91/place/1352637699?c=15.00,0,0,0,dh&placePath=/home?entry=bmp&from=map&fromPanelNum=2&timestamp=202508311656&locale=ko&svcName=map_pcv5&searchText=%EB%B6%80%EC%82%B0%EB%8C%80%20%EB%A7%9B%EC%A7%91",0,0,
원조밀면,"",,"https://map.naver.com/p/search/%EB%B6%80%EC%82%B0%EB%8C%80%20%EB%A7%9B%EC%A7%91/place/19688591?c=15.00,0,0,0,dh&placePath=/home?entry=bmp&from=map&fromPanelNum=2&timestamp=202508311656&locale=ko&svcName=map_pcv5&searchText=%EB%B6%80%EC%82%B0%EB%8C%80%20%EB%A7%9B%EC%A7%91",0,0,
금곡한방민물장어 장전점,"",,"https://map.naver.com/p/search/%EB%B6%80%EC%82%B0%EB%8C%80%20%EB%A7%9B%EC%A7%91/place/596308050?c=15.00,0,0,0,dh&placePath=/home?entry=bmp&from=map&fromPanelNum=2&timestamp=202508311656&locale=ko&svcName=map_pcv5&searchText=%EB%B6%80%EC%82%B0%EB%8C%80%20%EB%A7%9B%EC%A7%91",0,0,
탕화쿵푸마라탕 부산대점,"",,"https://map.naver.com/p/search/%EB%B6%80%EC%82%B0%EB%8C%80%20%EB%A7%9B%EC%A7%91/place/1592483909?c=15.00,0,0,0,dh&placePath=/home?entry=bmp&from=map&fromPanelNum=2&timestamp=202508311657&locale=ko&svcName=map_pcv5&searchText=%EB%B6%80%EC%82%B0%EB%8C%80%20%EB%A7%9B%EC%A7%91",0,0,
카페반디나무 부산대점,"",,"https://map.naver.com/p/search/%EB%B6%80%EC%82%B0%EB%8C%80%20%EB%A7%9B%EC%A7%91/place/34043773?c=15.00,0,0,0,dh&placePath=/home?entry=bmp&from=map&fromPanelNum=2&timestamp=202508311657&locale=ko&svcName=map_pcv5&searchText=%EB%B6%80%EC%82%B0%EB%8C%80%20%EB%A7%9B%EC%A7%91",0,0,
로제이브커피 스페셜티,"",,"https://map.naver.com/p/search/%EB%B6%80%EC%82%B0%EB%8C%80%20%EB%A7%9B%EC%A7%91/place/1305861361?c=15.00,0,0,0,dh&placePath=/home?entry=bmp&from=map&fromPanelNum=2&timestamp=202508311658&locale=ko&svcName=map_pcv5&searchText=%EB%B6%80%EC%82%B0%EB%8C%80%20%EB%A7%9B%EC%A7%91",0,0,
파리바게뜨 부산대역점,"",,"https://map.naver.com/p/search/%EB%B6%80%EC%82%B0%EB%8C%80%20%EB%A7%9B%EC%A7%91/place/16636191?c=15.00,0,0,0,dh&placePath=/home?entry=bmp&from=map&fromPanelNum=2&timestamp=202508311658&locale=ko&svcName=map_pcv5&searchText=%EB%B6%80%EC%82%B0%EB%8C%80%20%EB%A7%9B%EC%A7%91",0,0,
노모어피자 부산대점,"",,"https://map.naver.com/p/search/%EB%B6%80%EC%82%B0%EB%8C%80%20%EB%A7%9B%EC%A7%91/place/1987477742?c=15.00,0,0,0,dh&placePath=%3Fentry%253Dbmp",0,0,
파파존스 부산대점,"",,"https://map.naver.com/p/search/%EB%B6%80%EC%82%B0%EB%8C%80%20%EB%A7%9B%EC%A7%91/place/36854379?c=15.00,0,0,0,dh&placePath=/home?entry=bmp&from=map&fromPanelNum=2&timestamp=202508311659&locale=ko&svcName=map_pcv5&searchText=%EB%B6%80%EC%82%B0%EB%8C%80%20%EB%A7%9B%EC%A7%91",0,0,
맘스터치 부산대북문점,"",,"https://map.naver.com/p/search/%EB%B6%80%EC%82%B0%EB%8C%80%20%EB%A7%9B%EC%A7%91/place/37624754?c=15.00,0,0,0,dh&placePath=/home?entry=bmp&from=map&fromPanelNum=2&timestamp=202508311700&locale=ko&svcName=map_pcv5&searchText=%EB%B6%80%EC%82%B0%EB%8C%80%20%EB%A7%9B%EC%A7%91",0,0,
빼어날수연어 부산대점,"",,"https://map.naver.com/p/search/%EB%B6%80%EC%82%B0%EB%8C%80%20%EB%A7%9B%EC%A7%91/place/1618726793?c=15.00,0,0,0,dh&placePath=/home?entry=bmp&from=map&fromPanelNum=2&timestamp=202508311701&locale=ko&svcName=map_pcv5&searchText=%EB%B6%80%EC%82%B0%EB%8C%80%20%EB%A7%9B%EC%A7%91",0,0,
무봤나촌닭 부산대점,"",,"https://map.naver.com/p/search/%EB%B6%80%EC%82%B0%EB%8C%80%20%EB%A7%9B%EC%A7%91/place/33418671?c=15.00,0,0,0,dh&placePath=/home?entry=bmp&from=map&fromPanelNum=2&timestamp=202508311701&locale=ko&svcName=map_pcv5&searchText=%EB%B6%80%EC%82%B0%EB%8C%80%20%EB%A7%9B%EC%A7%91",0,0,
춘리마라탕 부산장전점,"",,"https://map.naver.com/p/search/%EB%B6%80%EC%82%B0%EB%8C%80%20%EB%A7%9B%EC%A7%91/place/1956823995?c=15.00,0,0,0,dh&placePath=/home?entry=bmp&from=map&fromPanelNum=2&timestamp=202508311702&locale=ko&svcName=map_pcv5&searchText=%EB%B6%80%EC%82%B0%EB%8C%80%20%EB%A7%9B%EC%A7%91",0,0,
카페민,"",,"https://map.naver.com/p/search/%EB%B6%80%EC%82%B0%EB%8C%80%20%EB%A7%9B%EC%A7%91/place/1894339964?c=15.00,0,0,0,dh&placePath=/home?entry=bmp&from=map&fromPanelNum=2&timestamp=202508311703&locale=ko&svcName=map_pcv5&searchText=%EB%B6%80%EC%82%B0%EB%8C%80%20%EB%A7%9B%EC%A7%91",0,0,
와플대학 부산대캠퍼스,"",,"https://map.naver.com/p/search/%EB%B6%80%EC%82%B0%EB%8C%80%20%EB%A7%9B%EC%A7%91/place/1063053336?c=15.00,0,0,0,dh&placePath=/home?entry=bmp&from=map&fromPanelNum=2&timestamp=202508311704&locale=ko&svcName=map_pcv5&searchText=%EB%B6%80%EC%82%B0%EB%8C%80%20%EB%A7%9B%EC%A7%91",0,0,
가야공원돼지국밥 부산대점,"",,"https://map.naver.com/p/search/%EB%B6%80%EC%82%B0%EB%8C%80%20%EB%A7%9B%EC%A7%91/place/16890824?c=15.00,0,0,0,dh&placePath=/home?entry=bmp&from=map&fromPanelNum=2&timestamp=202508311705&locale=ko&svcName=map_pcv5&searchText=%EB%B6%80%EC%82%B0%EB%8C%80%20%EB%A7%9B%EC%A7%91",0,0,
진경순 부대꼬마김밥 부산대본점,"",,"https://map.naver.com/p/search/%EB%B6%80%EC%82%B0%EB%8C%80%20%EB%A7%9B%EC%A7%91/place/16611898?c=15.00,0,0,0,dh&placePath=/home?entry=bmp&from=map&fromPanelNum=2&timestamp=202508311604&locale=ko&svcName=map_pcv5&searchText=%EB%B6%80%EC%82%B0%EB%8C%80%20%EB%A7%9B%EC%A7%91",0,0,
온리김밥,"",,"https://map.naver.com/p/search/%EB%B6%80%EC%82%B0%EB%8C%80%20%EB%A7%9B%EC%A7%91/place/1245577045?c=15.00,0,0,0,dh&placePath=/home?entry=bmp&from=map&fromPanelNum=2&timestamp=202508311642&locale=ko&svcName=map_pcv5&searchText=%EB%B6%80%EC%82%B0%EB%8C%80%20%EB%A7%9B%EC%A7%91",0,0,
싸다김밥 부산대점,"",,"https://map.naver.com/p/search/%EB%B6%80%EC%82%B0%EB%8C%80%20%EB%A7%9B%EC%A7%91/place/1048790248?c=15.00,0,0,0,dh&placePath=/home?entry=bmp&from=map&fromPanelNum=2&timestamp=202508311601&locale=ko&svcName=map_pcv5&searchText=%EB%B6%80%EC%82%B0%EB%8C%80%20%EB%A7%9B%EC%A7%91",0,0,
진경순 부대꼬마김밥 부산대본점,"",,"https://map.naver.com/p/search/%EB%B6%80%EC%82%B0%EB%8C%80%20%EB%A7%9B%EC%A7%91/place/16611898?c=15.00,0,0,0,dh&placePath=/home?entry=bmp&from=map&fromPanelNum=2&timestamp=202508311604&locale=ko&svcName=map_pcv5&searchText=%EB%B6%80%EC%82%B0%EB%8C%80%20%EB%A7%9B%EC%A7%91",0,0,
소다미김밥,"",,"https://map.naver.com/p/search/%EB%B6%80%EC%82%B0%EB%8C%80%20%EB%A7%9B%EC%A7%91/place/37980760?c=15.00,0,0,0,dh&placePath=/home?entry=bmp&from=map&fromPanelNum=2&timestamp=202508311613&locale=ko&svcName=map_pcv5&searchText=%EB%B6%80%EC%82%B0%EB%8C%80%20%EB%A7%9B%EC%A7%91",0,0,
든든김밥&분식,"",,"https://map.naver.com/p/search/%EB%B6%80%EC%82%B0%EB%8C%80%20%EB%A7%9B%EC%A7%91/place/1311065139?c=15.00,0,0,0,dh&placePath=/home?entry=bmp&from=map&fromPanelNum=2&timestamp=202508311621&locale=ko&svcName=map_pcv5&searchText=%EB%B6%80%EC%82%B0%EB%8C%80%20%EB%A7%9B%EC%A7%91",0,0,
온리김밥,"",,"https://map.naver.com/p/search/%EB%B6%80%EC%82%B0%EB%8C%80%20%EB%A7%9B%EC%A7%91/place/1245577045?c=15.00,0,0,0,dh&placePath=/home?entry=bmp&from=map&fromPanelNum=2&timestamp=202508311642&locale=ko&svcName=map_pcv5&searchText=%EB%B6%80%EC%82%B0%EB%8C%80%20%EB%A7%9B%EC%A7%91",0,0,
버터레코드,"",,"https://map.naver.com/p/search/%EB%B6%80%EC%82%B0%EB%8C%80%20%EB%A7%9B%EC%A7%91/place/1352637699?c=15.00,0,0,0,dh&placePath=/home?entry=bmp&from=map&fromPanelNum=2&timestamp=202508311656&locale=ko&svcName=map_pcv5&searchText=%EB%B6%80%EC%82%B0%EB%8C%80%20%EB%A7%9B%EC%A7%91",0,0,"[""크레페"", ""부산"", ""맛"", ""방문"", ""푸딩"", ""아이"", ""또"", ""맛집"", ""곳"", ""집""]"
금곡한방민물장어 장전점,"",,"https://map.naver.com/p/search/%EB%B6%80%EC%82%B0%EB%8C%80%20%EB%A7%9B%EC%A7%91/place/596308050?c=15.00,0,0,0,dh&placePath=/home?entry=bmp&from=map&fromPanelNum=2&timestamp=202508311656&locale=ko&svcName=map_pcv5&searchText=%EB%B6%80%EC%82%B0%EB%8C%80%20%EB%A7%9B%EC%A7%91",0,0,"[""굿"", ""맛"", ""요"", ""장어"", ""구이"", ""소금"", ""금구"", ""자주"", ""집"", ""조금""]"
로제이브커피 스페셜티,"",,"https://map.naver.com/p/search/%EB%B6%80%EC%82%B0%EB%8C%80%20%EB%A7%9B%EC%A7%91/place/1305861361?c=15.00,0,0,0,dh&placePath=/home?entry=bmp&from=map&fromPanelNum=2&timestamp=202508311658&locale=ko&svcName=map_pcv5&searchText=%EB%B6%80%EC%82%B0%EB%8C%80%20%EB%A7%9B%EC%A7%91",0,0,"[""커피"", ""분위기"", ""자주"", ""맛"", ""이브"", ""로"", ""부산"", ""카페"", ""라떼"", ""음료""]"
맘스터치 부산대북문점,"",,"https://map.naver.com/p/search/%EB%B6%80%EC%82%B0%EB%8C%80%20%EB%A7%9B%EC%A7%91/place/37624754?c=15.00,0,0,0,dh&placePath=/home?entry=bmp&from=map&fromPanelNum=2&timestamp=202508311700&locale=ko&svcName=map_pcv5&searchText=%EB%B6%80%EC%82%B0%EB%8C%80%20%EB%A7%9B%EC%A7%91",0,0,"[""굿"", ""버거"", ""싸이"", ""맛"", ""매장"", ""이용"", ""요"", ""맘스"", ""맘터"", ""자주""]"
무봤나촌닭 부산대점,"",,"https://map.naver.com/p/search/%EB%B6%80%EC%82%B0%EB%8C%80%20%EB%A7%9B%EC%A7%91/place/33418671?c=15.00,0,0,0,dh&placePath=/home?entry=bmp&from=map&fromPanelNum=2&timestamp=202508311701&locale=ko&svcName=map_pcv5&searchText=%EB%B6%80%EC%82%B0%EB%8C%80%20%EB%A7%9B%EC%A7%91",0,0,"[""굿"", ""맛"", ""만"", ""매장"", ""치킨"", ""촌닭"", ""점심"", ""특선"", ""양"", ""부산""]"
365후루룩촌국수_20250901.csv.tmp,"",,,0,0,"[""굿"", ""육수"", ""맛"", ""가격"", ""국수"", ""비빔밥"", ""국물"", ""수집"", ""야채"", ""국""]"
4242샌드위치 본점,"",,,0,0,"[""굿"", ""빵"", ""샌드위치"", ""맛"", ""진짜"", ""최고"", ""참치"", ""가격"", ""재료"", ""쌀""]"
Etalee,"",,,0,0,"[""에그타르트"", ""맛집"", ""타르트"", ""에타"", ""커피"", ""리"", ""최고"", ""맛"", ""진짜"", ""포장""]"
가거도횟집,"",,,0,0,"[""굿"", ""회"", ""맛"", ""맛집"", ""매운탕"", ""가격"", ""자주"", ""사장"", ""가족"", ""횟집""]"
거창맷돌 본점,"",,,0,0,"[""반찬"", ""맛"", ""순두부"", ""굿"", ""셀프"", ""맷돌"", ""순두부찌개"", ""가성"", ""오늘"", ""비""]"
겐로쿠우동 부산대점,"",,,0,0,"[""우동"", ""맛"", ""국물"", ""굿"", ""양"", ""소바"", ""후추"", ""더"", ""진짜"", ""맛집""]"
부산대 포맨티코 본점,"",,"https://map.naver.com/p/search/%EB%B6%80%EC%82%B0%EB%8C%80%20%EB%A7%9B%EC%A7%91/place/1420568443?c=15.00,0,0,0,dh&placePath=/home?entry=bmp&from=map&fromPanelNum=2&timestamp=202508311559&locale=ko&svcName=map_pcv5&searchText=%EB%B6%80%EC%82%B0%EB%8C%80%20%EB%A7%9B%EC%A7%91",0,0,"[""쌀국수"", ""맛집"", ""부산"", ""맛"", ""볶음밥"", ""진짜"", ""베트남"", ""음식"", ""곳"", ""티코""]"
만서리 이가네 막국수 본점,"",,"https://map.naver.com/p/search/%EB%B6%80%EC%82%B0%EB%8C%80%20%EB%A7%9B%EC%A7%91/place/21710765?c=15.00,0,0,0,dh&placePath=/home?entry=bmp&from=map&fromPanelNum=2&timestamp=202508311559&locale=ko&svcName=map_pcv5&searchText=%EB%B6%80%EC%82%B0%EB%8C%80%20%EB%A7%9B%EC%A7%91",0,0,"[""메밀"", ""옹심이"", ""맛"", ""막국수"", ""칼국수"", ""수육"", ""동치미"", ""싹"", ""비빔"", ""보리밥""]"
부막숯불닭갈비 부산대점,"",,"https://map.naver.com/p/search/%EB%B6%80%EC%82%B0%EB%8C%80%20%EB%A7%9B%EC%A7%91/place/1003637302?c=15.00,0,0,0,dh&placePath=/home?entry=bmp&from=map&fromPanelNum=2&timestamp=202508311559&locale=ko&svcName=map_pcv5&searchText=%EB%B6%80%EC%82%B0%EB%8C%80%20%EB%A7%9B%EC%A7%91",0,0,"[""닭갈비"", ""맛"", ""숯불"", ""닭"", ""구이"", ""방문"", ""맛집"", ""웨이"", ""팅"", ""다음""]"
서빙고본점,"",,"https://map.naver.com/p/search/%EB%B6%80%EC%82%B0%EB%8C%80%20%EB%A7%9B%EC%A7%91/place/34665985?c=15.00,0,0,0,dh&placePath=/home?entry=bmp&from=map&fromPanelNum=2&timestamp=202508311559&locale=ko&svcName=map_pcv5&searchText=%EB%B6%80%EC%82%B0%EB%8C%80%20%EB%A7%9B%EC%A7%91",0,0,"[""팥"", ""팥빙수"", ""빙수"", ""맛"", ""서빙고"", ""달"", ""직접"", ""팥죽"", ""부산"", ""맛집""]"
보노베리 본점,"",,"https://map.naver.com/p/search/%EB%B6%80%EC%82%B0%EB%8C%80%20%EB%A7%9B%EC%A7%91/place/722313262?c=15.00,0,0,0,dh&placePath=/home?entry=bmp&from=map&fromPanelNum=2&timestamp=202508311559&locale=ko&svcName=map_pcv5&searchText=%EB%B6%80%EC%82%B0%EB%8C%80%20%EB%A7%9B%EC%A7%91",0,0,"[""타르트"", ""케이크"", ""디저트"", ""맛집"", ""종류"", ""맛"", ""방문"", ""과일"", ""자주"", ""베리""]"
샤브20 부산금정점,"",,"https://map.naver.com/p/search/%EB%B6%80%EC%82%B0%EB%8C%80%20%EB%A7%9B%EC%A7%91/place/1774935884?c=15.00,0,0,0,dh&placePath=/home?entry=bmp&from=map&fromPanelNum=2&timestamp=202508311559&locale=ko&svcName=map_pcv5&searchText=%EB%B6%80%EC%82%B0%EB%8C%80%20%EB%A7%9B%EC%A7%91",0,0,"[""고기"", ""수"", ""식사"", ""재료"", ""샤브샤브"", ""채소"", ""샤브"", ""바"", ""음식"", ""재미""]"
모모후,"",,"https://map.naver.com/p/search/%EB%B6%80%EC%82%B0%EB%8C%80%20%EB%A7%9B%EC%A7%91/place/1862526886?c=15.00,0,0,0,dh&placePath=/home?entry=bmp&n_ad_group_type=10&n_query=%EB%B6%80%EC%82%B0%EB%8C%80%EB%A7%9B%EC%A7%91&from=map&fromPanelNum=2&timestamp=202508311559&locale=ko&svcName=map_pcv5&searchText=%EB%B6%80%EC%82%B0%EB%8C%80%20%EB%A7%9B%EC%A7%91",0,0,"[""푸딩"", ""빙수"", ""맛"", ""분위기"", ""디저트"", ""방문"", ""일본"", ""또"", ""인테리어"", ""파르페""]"
빼어날수연어 부산대점,"",,"https://map.naver.com/p/search/%EB%B6%80%EC%82%B0%EB%8C%80%20%EB%A7%9B%EC%A7%91/place/1618726793?c=15.00,0,0,0,dh&placePath=/home?entry=bmp&n_ad_group_type=10&n_query=%EB%B6%80%EC%82%B0%EB%8C%80%EB%A7%9B%EC%A7%91&from=map&fromPanelNum=2&timestamp=202508311559&locale=ko&svcName=map_pcv5&searchText=%EB%B6%80%EC%82%B0%EB%8C%80%20%EB%A7%9B%EC%A7%91",0,0,"[""연어"", ""사시미"", ""또"", ""맛"", ""부산"", ""회"", ""방문"", ""가성"", ""육회"", ""사장""]"
맛나감자탕 부산대점,"",,"https://map.naver.com/p/search/%EB%B6%80%EC%82%B0%EB%8C%80%20%EB%A7%9B%EC%A7%91/place/33217532?c=15.00,0,0,0,dh&placePath=/home?entry=bmp&from=map&fromPanelNum=2&timestamp=202508311559&locale=ko&svcName=map_pcv5&searchText=%EB%B6%80%EC%82%B0%EB%8C%80%20%EB%A7%9B%EC%A7%91",0,0,"[""감자탕"", ""맛"", ""항상"", ""양도"", ""부산"", ""방문"", ""만"", ""맛집"", ""양"", ""아이""]"
분잉,"",,"https://map.naver.com/p/search/%EB%B6%80%EC%82%B0%EB%8C%80%20%EB%A7%9B%EC%A7%91/place/1237092833?c=15.00,0,0,0,dh&placePath=/home?entry=bmp&from=map&fromPanelNum=2&timestamp=202508311559&locale=ko&svcName=map_pcv5&searchText=%EB%B6%80%EC%82%B0%EB%8C%80%20%EB%A7%9B%EC%A7%91",0,0,"[""매장"", ""아이"", ""김밥"", ""음식"", ""자주"", ""방문"", ""맛"", ""떡볶이"", ""오늘"", ""분식""]"
스시심타카이,"",,"https://map.naver.com/p/search/%EB%B6%80%EC%82%B0%EB%8C%80%20%EB%A7%9B%EC%A7%91/place/1814706604?c=15.00,0,0,0,dh&placePath=/home?entry=bmp&from=map&fromPanelNum=2&timestamp=202508311600&locale=ko&svcName=map_pcv5&searchText=%EB%B6%80%EC%82%B0%EB%8C%80%20%EB%A7%9B%EC%A7%91",0,0,"[""예약"", ""곳"", ""맛"", ""스시"", ""카이"", ""방문"", ""마카"", ""음식"", ""세"", ""배""]"
교토밥상,"",,"https://map.naver.com/p/search/%EB%B6%80%EC%82%B0%EB%8C%80%20%EB%A7%9B%EC%A7%91/place/946038637?c=15.00,0,0,0,dh&placePath=/home?entry=bmp&from=map&fromPanelNum=2&timestamp=202508311600&locale=ko&svcName=map_pcv5&searchText=%EB%B6%80%EC%82%B0%EB%8C%80%20%EB%A7%9B%EC%A7%91",0,0,"[""카츠"", ""규"", ""방문"", ""또"", ""고기"", ""맛집"", ""연어"", ""밥"", ""맛"", ""아이""]"
수림식당 부산대점,"",,"https://map.naver.com/p/search/%EB%B6%80%EC%82%B0%EB%8C%80%20%EB%A7%9B%EC%A7%91/place/1487029633?c=15.00,0,0,0,dh&placePath=/home?entry=bmp&from=map&fromPanelNum=2&timestamp=202508311600&locale=ko&svcName=map_pcv5&searchText=%EB%B6%80%EC%82%B0%EB%8C%80%20%EB%A7%9B%EC%A7%91",0,0,"[""가지"", ""만두"", ""탄탄"", ""진짜"", ""맛"", ""식당"", ""맛집"", ""동파육"", ""방문"", ""밥""]"
어가 가이텐스시,"",,"https://map.naver.com/p/search/%EB%B6%80%EC%82%B0%EB%8C%80%20%EB%A7%9B%EC%A7%91/place/1816500678?c=15.00,0,0,0,dh&placePath=/home?entry=bmp&from=map&fromPanelNum=2&timestamp=202508311600&locale=ko&svcName=map_pcv5&searchText=%EB%B6%80%EC%82%B0%EB%8C%80%20%EB%A7%9B%EC%A7%91",0,0,"[""초밥"", ""스시"", ""가격"", ""직원"", ""가성"", ""점심"", ""더"", ""맛집"", ""맛"", ""비""]"
그집짬뽕0927 부산대점,"",,"https://map.naver.com/p/search/%EB%B6%80%EC%82%B0%EB%8C%80%20%EB%A7%9B%EC%A7%91/place/1572637966?c=15.00,0,0,0,dh&placePath=/home?entry=bmp&from=map&fromPanelNum=2&timestamp=202508311600&locale=ko&svcName=map_pcv5&searchText=%EB%B6%80%EC%82%B0%EB%8C%80%20%EB%A7%9B%EC%A7%91",0,0,"[""짬뽕"", ""맛집"", ""부산"", ""탕수육"", ""양도"", ""방문"", ""맛"", ""짜장면"", ""집"", ""진짜""]"
스나쿠 부산대,"",,"https://map.naver.com/p/search/%EB%B6%80%EC%82%B0%EB%8C%80%20%EB%A7%9B%EC%A7%91/place/1573494989?c=15.00,0,0,0,dh&placePath=/home?entry=bmp&from=map&fromPanelNum=2&timestamp=202508311600&locale=ko&svcName=map_pcv5&searchText=%EB%B6%80%EC%82%B0%EB%8C%80%20%EB%A7%9B%EC%A7%91",0,0,"[""음식"", ""양도"", ""맛"", ""분위기"", ""밥"", ""카레"", ""가라아게"", ""매장"", ""소바"", ""추천""]"
애슐리퀸즈 NC 부산대점,"",,"https://map.naver.com/p/search/%EB%B6%80%EC%82%B0%EB%8C%80%20%EB%A7%9B%EC%A7%91/place/21273878?c=15.00,0,0,0,dh&placePath=/home?entry=bmp&from=map&fromPanelNum=2&timestamp=202508311600&locale=ko&svcName=map_pcv5&searchText=%EB%B6%80%EC%82%B0%EB%8C%80%20%EB%A7%9B%EC%A7%91",0,0,"[""음식"", ""딸기"", ""아이"", ""애슐리"", ""사람"", ""디저트"", ""비"", ""직원"", ""가성"", ""맛""]"
라이크댓커피,"",,"https://map.naver.com/p/search/%EB%B6%80%EC%82%B0%EB%8C%80%20%EB%A7%9B%EC%A7%91/place/1082971610?c=15.00,0,0,0,dh&placePath=/home?entry=bmp&from=map&fromPanelNum=2&timestamp=202508311600&locale=ko&svcName=map_pcv5&searchText=%EB%B6%80%EC%82%B0%EB%8C%80%20%EB%A7%9B%EC%A7%91",0,0,"[""커피"", ""라떼"", ""크림"", ""분위기"", ""맛"", ""원두"", ""맛집"", ""진짜"", ""카페"", ""향""]"
도미노피자 부산대점,"",,"https://map.naver.com/p/search/%EB%B6%80%EC%82%B0%EB%8C%80%20%EB%A7%9B%EC%A7%91/place/11784049?c=15.00,0,0,0,dh&placePath=/home?entry=bmp&from=map&fromPanelNum=2&timestamp=202508311600&locale=ko&svcName=map_pcv5&searchText=%EB%B6%80%EC%82%B0%EB%8C%80%20%EB%A7%9B%EC%A7%91",0,0,"[""굿"", ""피자"", ""맛"", ""미노"", ""도"", ""할인"", ""도미노피자"", ""포장"", ""치즈"", ""정말""]"
뉴숯불통닭 본점,"",,"https://map.naver.com/p/search/%EB%B6%80%EC%82%B0%EB%8C%80%20%EB%A7%9B%EC%A7%91/place/1060479897?c=15.00,0,0,0,dh&placePath=/home?entry=bmp&from=map&fromPanelNum=2&timestamp=202508311600&locale=ko&svcName=map_pcv5&searchText=%EB%B6%80%EC%82%B0%EB%8C%80%20%EB%A7%9B%EC%A7%91",0,0,"[""맛"", ""후라이드"", ""치킨"", ""포장"", ""숯불"", ""통닭"", ""부산"", ""양념"", ""뉴"", ""맛집""]"
부산대 매일꽃돈,"",,"https://map.naver.com/p/search/%EB%B6%80%EC%82%B0%EB%8C%80%20%EB%A7%9B%EC%A7%91/place/1233754447?c=15.00,0,0,0,dh&placePath=/home?entry=bmp&n_ad_group_type=10&n_query=%EB%B6%80%EC%82%B0%EB%8C%80%EB%A7%9B%EC%A7%91&from=map&fromPanelNum=2&timestamp=202508311601&locale=ko&svcName=map_pcv5&searchText=%EB%B6%80%EC%82%B0%EB%8C%80%20%EB%A7%9B%EC%A7%91",0,0,"[""고기"", ""자주"", ""또"", ""방문"", ""맛"", ""꽃"", ""삼겹"", ""다음"", ""더"", ""부산""]"
부들파이터 부산대점,"",,"https://map.naver.com/p/search/%EB%B6%80%EC%82%B0%EB%8C%80%20%EB%A7%9B%EC%A7%91/place/1776248007?c=15.00,0,0,0,dh&placePath=/home?entry=bmp&n_ad_group_type=10&n_query=%EB%B6%80%EC%82%B0%EB%8C%80%EB%A7%9B%EC%A7%91&from=map&fromPanelNum=2&timestamp=202508311601&locale=ko&svcName=map_pcv5&searchText=%EB%B6%80%EC%82%B0%EB%8C%80%20%EB%A7%9B%EC%A7%91",0,0,"[""양도"", ""또"", ""방문"", ""다음"", ""고기"", ""음식"", ""맛"", ""양"", ""처음"", ""밥""]"
몽벨쉘터 부산대점,"",,"https://map.naver.com/p/search/%EB%B6%80%EC%82%B0%EB%8C%80%20%EB%A7%9B%EC%A7%91/place/1305923991?c=15.00,0,0,0,dh&placePath=/home?entry=bmp&from=map&fromPanelNum=2&timestamp=202508311601&locale=ko&svcName=map_pcv5&searchText=%EB%B6%80%EC%82%B0%EB%8C%80%20%EB%A7%9B%EC%A7%91",0,0,"[""빵"", ""분위기"", ""카페"", ""방문"", ""부산"", ""커피"", ""곳"", ""인테리어"", ""또"", ""종류""]"
싸다김밥 부산대점,"",,"https://map.naver.com/p/search/%EB%B6%80%EC%82%B0%EB%8C%80%20%EB%A7%9B%EC%A7%91/place/1048790248?c=15.00,0,0,0,dh&placePath=/home?entry=bmp&from=map&fromPanelNum=2&timestamp=202508311601&locale=ko&svcName=map_pcv5&searchText=%EB%B6%80%EC%82%B0%EB%8C%80%20%EB%A7%9B%EC%A7%91",0,0,"[""김밥"", ""음식"", ""메뉴"", ""맛"", ""가성"", ""비"", ""가격"", ""먹기"", ""굿"", ""양도""]"
서문국수,"",,"https://map.naver.com/p/search/%EB%B6%80%EC%82%B0%EB%8C%80%20%EB%A7%9B%EC%A7%91/place/1696919094?c=15.00,0,0,0,dh&placePath=/home?entry=bmp&from=map&fromPanelNum=2&timestamp=202508311601&locale=ko&svcName=map_pcv5&searchText=%EB%B6%80%EC%82%B0%EB%8C%80%20%EB%A7%9B%EC%A7%91",0,0,"[""국수"", ""맛"", ""음식"", ""파전"", ""서문"", ""주먹밥"", ""가격"", ""감태"", ""아주"", ""부추""]"
남썬 치킨 부산대점,"",,"https://map.naver.com/p/search/%EB%B6%80%EC%82%B0%EB%8C%80%20%EB%A7%9B%EC%A7%91/place/1179405493?c=15.00,0,0,0,dh&placePath=/home?entry=bmp&n_ad_group_type=10&n_query=%EB%B6%80%EC%82%B0%EB%8C%80%EB%A7%9B%EC%A7%91&from=map&fromPanelNum=2&timestamp=202508311601&locale=ko&svcName=map_pcv5&searchText=%EB%B6%80%EC%82%B0%EB%8C%80%20%EB%A7%9B%EC%A7%91",0,0,"[""치킨"", ""사장"", ""맛"", ""다음"", ""또"", ""정말"", ""음식"", ""진짜"", ""방문"", ""바삭""]"
소사베이커리,"",,"https://map.naver.com/p/search/%EB%B6%80%EC%82%B0%EB%8C%80%20%EB%A7%9B%EC%A7%91/place/1947956771?c=15.00,0,0,0,dh&placePath=/home?entry=bmp&from=map&fromPanelNum=2&timestamp=202508311601&locale=ko&svcName=map_pcv5&searchText=%EB%B6%80%EC%82%B0%EB%8C%80%20%EB%A7%9B%EC%A7%91",0,0,"[""분위기"", ""디저트"", ""카페"", ""커피"", ""사장"", ""갸또"", ""맛"", ""말차"", ""음료"", ""방문""]"
동동국밥 부산대점,"",,"https://map.naver.com/p/search/%EB%B6%80%EC%82%B0%EB%8C%80%20%EB%A7%9B%EC%A7%91/place/1992474296?c=15.00,0,0,0,dh&placePath=/home?entry=bmp&from=map&fromPanelNum=2&timestamp=202508311601&locale=ko&svcName=map_pcv5&searchText=%EB%B6%80%EC%82%B0%EB%8C%80%20%EB%A7%9B%EC%A7%91",0,0,"[""국밥"", ""부산"", ""맛집"", ""우동"", ""사장"", ""방문"", ""맛"", ""밥"", ""동동"", ""국물""]"
나오리쇼쿠,"",,"https://map.naver.com/p/search/%EB%B6%80%EC%82%B0%EB%8C%80%20%EB%A7%9B%EC%A7%91/place/1228609331?c=15.00,0,0,0,dh&placePath=/home?entry=bmp&from=map&fromPanelNum=2&timestamp=202508311602&locale=ko&svcName=map_pcv5&searchText=%EB%B6%80%EC%82%B0%EB%8C%80%20%EB%A7%9B%EC%A7%91",0,0,"[""밥"", ""연어"", ""음식"", ""맛"", ""또"", ""차슈"", ""방문"", ""진짜"", ""맛집"", ""요""]"
도야지면옥 본점,"",,"https://map.naver.com/p/search/%EB%B6%80%EC%82%B0%EB%8C%80%20%EB%A7%9B%EC%A7%91/place/401694921?c=15.00,0,0,0,dh&placePath=/home?entry=bmp&from=map&fromPanelNum=2&timestamp=202508311602&locale=ko&svcName=map_pcv5&searchText=%EB%B6%80%EC%82%B0%EB%8C%80%20%EB%A7%9B%EC%A7%91",0,0,"[""맛"", ""순대"", ""돔베"", ""고기국수"", ""곳"", ""수육"", ""국밥"", ""부산"", ""음식"", ""얼""]"
수림식당 본점,"",,"https://map.naver.com/p/search/%EB%B6%80%EC%82%B0%EB%8C%80%20%EB%A7%9B%EC%A7%91/place/1668119469?c=15.00,0,0,0,dh&placePath=/home?entry=bmp&from=map&fromPanelNum=2&timestamp=202508311602&locale=ko&svcName=map_pcv5&searchText=%EB%B6%80%EC%82%B0%EB%8C%80%20%EB%A7%9B%EC%A7%91",0,0,"[""가지"", ""만두"", ""맛"", ""탄탄"", ""튀김"", ""방문"", ""만"", ""우육"", ""추천"", ""음식""]"
송스베이커리,"",,"https://map.naver.com/p/search/%EB%B6%80%EC%82%B0%EB%8C%80%20%EB%A7%9B%EC%A7%91/place/1469182560?c=15.00,0,0,0,dh&placePath=/home?entry=bmp&from=map&fromPanelNum=2&timestamp=202508311602&locale=ko&svcName=map_pcv5&searchText=%EB%B6%80%EC%82%B0%EB%8C%80%20%EB%A7%9B%EC%A7%91",0,0,"[""빵"", ""소금"", ""종류"", ""맛"", ""커피"", ""맛집"", ""방문"", ""자주"", ""빵집"", ""매장""]"
수수하지만굉장해 부산대점,"",,"https://map.naver.com/p/search/%EB%B6%80%EC%82%B0%EB%8C%80%20%EB%A7%9B%EC%A7%91/place/1431903110?c=15.00,0,0,0,dh&placePath=/home?entry=bmp&from=map&fromPanelNum=2&timestamp=202508311602&locale=ko&svcName=map_pcv5&searchText=%EB%B6%80%EC%82%B0%EB%8C%80%20%EB%A7%9B%EC%A7%91",0,0,"[""돈까스"", ""부산"", ""카츠"", ""수수"", ""또"", ""방문"", ""치즈"", ""굉"", ""맛집"", ""돈카츠""]"
레스토랑 우디,"",,"https://map.naver.com/p/search/%EB%B6%80%EC%82%B0%EB%8C%80%20%EB%A7%9B%EC%A7%91/place/1951558934?c=15.00,0,0,0,dh&placePath=/home?entry=bmp&from=map&fromPanelNum=2&timestamp=202508311602&locale=ko&svcName=map_pcv5&searchText=%EB%B6%80%EC%82%B0%EB%8C%80%20%EB%A7%9B%EC%A7%91",0,0,"[""파스타"", ""분위기"", ""음식"", ""맛"", ""방문"", ""피자"", ""곳"", ""맛집"", ""샐러드"", ""추천""]"
맥도날드 부산대2호점,"",,"https://map.naver.com/p/search/%EB%B6%80%EC%82%B0%EB%8C%80%20%EB%A7%9B%EC%A7%91/place/11807327?c=15.00,0,0,0,dh&placePath=/home?entry=bmp&from=map&fromPanelNum=2&timestamp=202508311602&locale=ko&svcName=map_pcv5&searchText=%EB%B6%80%EC%82%B0%EB%8C%80%20%EB%A7%9B%EC%A7%91",0,0,"[""굿"", ""맥도날드"", ""맛"", ""매장"", ""비"", ""가성"", ""먹기"", ""요"", ""혼밥"", ""짱짱""]"
블루그로토,"",,"https://map.naver.com/p/search/%EB%B6%80%EC%82%B0%EB%8C%80%20%EB%A7%9B%EC%A7%91/place/1344807441?c=15.00,0,0,0,dh&placePath=/home?entry=bmp&from=map&fromPanelNum=2&timestamp=202508311603&locale=ko&svcName=map_pcv5&searchText=%EB%B6%80%EC%82%B0%EB%8C%80%20%EB%A7%9B%EC%A7%91",0,0,"[""분위기"", ""브런치"", ""음식"", ""맛"", ""방문"", ""커피"", ""사장"", ""양도"", ""부산"", ""최고""]"
맥도날드 부곡점,"",,"https://map.naver.com/p/search/%EB%B6%80%EC%82%B0%EB%8C%80%20%EB%A7%9B%EC%A7%91/place/11807326?c=15.00,0,0,0,dh&placePath=/home?entry=bmp&from=map&fromPanelNum=2&timestamp=202508311603&locale=ko&svcName=map_pcv5&searchText=%EB%B6%80%EC%82%B0%EB%8C%80%20%EB%A7%9B%EC%A7%91",0,0,"[""굿"", ""맛"", ""버거"", ""아이"", ""매장"", ""햄버거"", ""감"", ""맥날"", ""붓"", ""커피""]"
겐쇼심야라멘 부산대점,"",,"https://map.naver.com/p/search/%EB%B6%80%EC%82%B0%EB%8C%80%20%EB%A7%9B%EC%A7%91/place/1957564633?c=15.00,0,0,0,dh&placePath=/home?entry=bmp&from=map&fromPanelNum=2&timestamp=202508311603&locale=ko&svcName=map_pcv5&searchText=%EB%B6%80%EC%82%B0%EB%8C%80%20%EB%A7%9B%EC%A7%91",0,0,"[""라멘"", ""분위기"", ""맛"", ""국물"", ""음식"", ""또"", ""다음"", ""방문"", ""가게"", ""맛집""]"
부산대 우쭈쭈,"",,"https://map.naver.com/p/search/%EB%B6%80%EC%82%B0%EB%8C%80%20%EB%A7%9B%EC%A7%91/place/35772301?c=15.00,0,0,0,dh&placePath=/home?entry=bmp&from=map&fromPanelNum=2&timestamp=202508311603&locale=ko&svcName=map_pcv5&searchText=%EB%B6%80%EC%82%B0%EB%8C%80%20%EB%A7%9B%EC%A7%91",0,0,"[""굿"", ""쭈꾸미"", ""맛"", ""볶음밥"", ""우쭈쭈"", ""맛집"", ""부산"", ""가성"", ""점심"", ""직원""]"
리멘시타,"",,"https://map.naver.com/p/search/%EB%B6%80%EC%82%B0%EB%8C%80%20%EB%A7%9B%EC%A7%91/place/13586951?c=15.00,0,0,0,dh&placePath=/home?entry=bmp&from=map&fromPanelNum=2&timestamp=202508311603&locale=ko&svcName=map_pcv5&searchText=%EB%B6%80%EC%82%B0%EB%8C%80%20%EB%A7%9B%EC%A7%91",0,0,"[""피자"", ""가성"", ""화덕"", ""비"", ""맛"", ""맛집"", ""파스타"", ""부산"", ""분위기"", ""곳""]"
덮밥장사장 부산대점,"",,"https://map.naver.com/p/search/%EB%B6%80%EC%82%B0%EB%8C%80%20%EB%A7%9B%EC%A7%91/place/1754767387?c=15.00,0,0,0,dh&placePath=/home?entry=bmp&from=map&fromPanelNum=2&timestamp=202508311603&locale=ko&svcName=map_pcv5&searchText=%EB%B6%80%EC%82%B0%EB%8C%80%20%EB%A7%9B%EC%A7%91",0,0,"[""밥"", ""양도"", ""맛"", ""방문"", ""사장"", ""또"", ""부산"", ""혼밥"", ""정말"", ""매콤""]"
면식당 부산대점,"",,"https://map.naver.com/p/search/%EB%B6%80%EC%82%B0%EB%8C%80%20%EB%A7%9B%EC%A7%91/place/1333771681?c=15.00,0,0,0,dh&placePath=/home?entry=bmp&from=map&fromPanelNum=2&timestamp=202508311604&locale=ko&svcName=map_pcv5&searchText=%EB%B6%80%EC%82%B0%EB%8C%80%20%EB%A7%9B%EC%A7%91",0,0,"[""음식"", ""맛"", ""메뉴"", ""매장"", ""라멘"", ""방문"", ""또"", ""직원"", ""다음"", ""소바""]"
대박횟집 부산대점,"",,"https://map.naver.com/p/search/%EB%B6%80%EC%82%B0%EB%8C%80%20%EB%A7%9B%EC%A7%91/place/1171871182?c=15.00,0,0,0,dh&placePath=/home?entry=bmp&from=map&fromPanelNum=2&timestamp=202508311604&locale=ko&svcName=map_pcv5&searchText=%EB%B6%80%EC%82%B0%EB%8C%80%20%EB%A7%9B%EC%A7%91",0,0,"[""굿"", ""진짜"", ""연어"", ""횟집"", ""회"", ""맛"", ""대박"", ""굿굿"", ""곳"", ""부산""]"
송주불냉면 부산대점,"",,"https://map.naver.com/p/search/%EB%B6%80%EC%82%B0%EB%8C%80%20%EB%A7%9B%EC%A7%91/place/1533774556?c=15.00,0,0,0,dh&placePath=/home?entry=bmp&from=map&fromPanelNum=2&timestamp=202508311604&locale=ko&svcName=map_pcv5&searchText=%EB%B6%80%EC%82%B0%EB%8C%80%20%EB%A7%9B%EC%A7%91",0,0,"[""단계"", ""냉면"", ""맛"", ""돈까스"", ""불"", ""송주불냉"", ""부산"", ""매콤"", ""만두"", ""진짜""]"
빅대디포장마차 부산대점,"",,"https://map.naver.com/p/search/%EB%B6%80%EC%82%B0%EB%8C%80%20%EB%A7%9B%EC%A7%91/place/1527423248?c=15.00,0,0,0,dh&placePath=/home?entry=bmp&from=map&fromPanelNum=2&timestamp=202508311604&locale=ko&svcName=map_pcv5&searchText=%EB%B6%80%EC%82%B0%EB%8C%80%20%EB%A7%9B%EC%A7%91",0,0,"[""분위기"", ""안주"", ""직원"", ""또"", ""방문"", ""부산"", ""가성"", ""다음"", ""친구"", ""비""]"
모름지기 부산대점,"",,"https://map.naver.com/p/search/%EB%B6%80%EC%82%B0%EB%8C%80%20%EB%A7%9B%EC%A7%91/place/1697785615?c=15.00,0,0,0,dh&placePath=/home?entry=bmp&from=map&fromPanelNum=2&timestamp=202508311605&locale=ko&svcName=map_pcv5&searchText=%EB%B6%80%EC%82%B0%EB%8C%80%20%EB%A7%9B%EC%A7%91",0,0,"[""고기"", ""가성"", ""비"", ""맛"", ""방문"", ""가격"", ""자주"", ""직원"", ""부산"", ""질도""]"
규카츠정 부산대점,"",,"https://map.naver.com/p/search/%EB%B6%80%EC%82%B0%EB%8C%80%20%EB%A7%9B%EC%A7%91/place/1887437958?c=15.00,0,0,0,dh&placePath=/home?entry=bmp&from=map&fromPanelNum=2&timestamp=202508311605&locale=ko&svcName=map_pcv5&searchText=%EB%B6%80%EC%82%B0%EB%8C%80%20%EB%A7%9B%EC%A7%91",0,0,"[""카츠"", ""규"", ""고기"", ""방문"", ""또"", ""맛"", ""부산"", ""아이"", ""직원"", ""진짜""]"
등촌샤브칼국수 부산대점,"",,"https://map.naver.com/p/search/%EB%B6%80%EC%82%B0%EB%8C%80%20%EB%A7%9B%EC%A7%91/place/1826301428?c=15.00,0,0,0,dh&placePath=/home?entry=bmp&from=map&fromPanelNum=2&timestamp=202508311605&locale=ko&svcName=map_pcv5&searchText=%EB%B6%80%EC%82%B0%EB%8C%80%20%EB%A7%9B%EC%A7%91",0,0,"[""칼국수"", ""등촌"", ""샤브샤브"", ""국물"", ""항상"", ""볶음밥"", ""고기"", ""맛"", ""점심"", ""매장""]"
스타벅스 부산대역점,"",,"https://map.naver.com/p/search/%EB%B6%80%EC%82%B0%EB%8C%80%20%EB%A7%9B%EC%A7%91/place/33979879?c=15.00,0,0,0,dh&placePath=/home?entry=bmp&from=map&fromPanelNum=2&timestamp=202508311605&locale=ko&svcName=map_pcv5&searchText=%EB%B6%80%EC%82%B0%EB%8C%80%20%EB%A7%9B%EC%A7%91",0,0,"[""영화"", ""전"", ""메가박스"", ""보기"", ""스벅"", ""가면"", ""관람"", ""층"", ""후"", ""티""]"
대성관초밥,"",,"https://map.naver.com/p/search/%EB%B6%80%EC%82%B0%EB%8C%80%20%EB%A7%9B%EC%A7%91/place/16644607?c=15.00,0,0,0,dh&placePath=/home?entry=bmp&from=map&fromPanelNum=2&timestamp=202508311605&locale=ko&svcName=map_pcv5&searchText=%EB%B6%80%EC%82%B0%EB%8C%80%20%EB%A7%9B%EC%A7%91",0,0,"[""굿"", ""음식"", ""회"", ""코스"", ""방문"", ""가족"", ""모임"", ""요리"", ""맛"", ""룸""]"
부소담 숯불폭립,"",,"https://map.naver.com/p/search/%EB%B6%80%EC%82%B0%EB%8C%80%20%EB%A7%9B%EC%A7%91/place/1846683570?c=15.00,0,0,0,dh&placePath=/home?entry=bmp&from=map&fromPanelNum=2&timestamp=202508311605&locale=ko&svcName=map_pcv5&searchText=%EB%B6%80%EC%82%B0%EB%8C%80%20%EB%A7%9B%EC%A7%91",0,0,"[""맛"", ""음식"", ""방문"", ""폭립"", ""사장"", ""갈비"", ""등"", ""양념"", ""직원"", ""추천""]"
스타벅스 금정구청DT점,"",,"https://map.naver.com/p/search/%EB%B6%80%EC%82%B0%EB%8C%80%20%EB%A7%9B%EC%A7%91/place/1981322277?c=15.00,0,0,0,dh&placePath=/home?entry=bmp&from=map&fromPanelNum=2&timestamp=202508311606&locale=ko&svcName=map_pcv5&searchText=%EB%B6%80%EC%82%B0%EB%8C%80%20%EB%A7%9B%EC%A7%91",0,0,"[""굿"", ""커피"", ""맛"", ""주차"", ""스벅"", ""매장"", ""사람"", ""곳"", ""스타벅스"", ""라떼""]"
쏠트바 부산대점,"",,"https://map.naver.com/p/search/%EB%B6%80%EC%82%B0%EB%8C%80%20%EB%A7%9B%EC%A7%91/place/1291760686?c=15.00,0,0,0,dh&placePath=/home?entry=bmp&from=map&fromPanelNum=2&timestamp=202508311606&locale=ko&svcName=map_pcv5&searchText=%EB%B6%80%EC%82%B0%EB%8C%80%20%EB%A7%9B%EC%A7%91",0,0,"[""빵"", ""소금"", ""커피"", ""분위기"", ""쏠트바"", ""오늘"", ""케이크"", ""정말"", ""맛"", ""필터""]"
심취,"",,"https://map.naver.com/p/search/%EB%B6%80%EC%82%B0%EB%8C%80%20%EB%A7%9B%EC%A7%91/place/1498051400?c=15.00,0,0,0,dh&placePath=/home?entry=bmp&from=map&fromPanelNum=2&timestamp=202508311606&locale=ko&svcName=map_pcv5&searchText=%EB%B6%80%EC%82%B0%EB%8C%80%20%EB%A7%9B%EC%A7%91",0,0,"[""안주"", ""분위기"", ""육회"", ""음식"", ""방문"", ""추천"", ""처음"", ""맛"", ""심취"", ""또""]"
구디너프,"",,"https://map.naver.com/p/search/%EB%B6%80%EC%82%B0%EB%8C%80%20%EB%A7%9B%EC%A7%91/place/1250063023?c=15.00,0,0,0,dh&placePath=/home?entry=bmp&from=map&fromPanelNum=2&timestamp=202508311606&locale=ko&svcName=map_pcv5&searchText=%EB%B6%80%EC%82%B0%EB%8C%80%20%EB%A7%9B%EC%A7%91",0,0,"[""커피"", ""분위기"", ""카페"", ""라떼"", ""케이크"", ""음료"", ""디저트"", ""부산"", ""너프"", ""디""]"
디프런트데이즈 부산대본점,"",,"https://map.naver.com/p/search/%EB%B6%80%EC%82%B0%EB%8C%80%20%EB%A7%9B%EC%A7%91/place/1778002264?c=15.00,0,0,0,dh&placePath=/home?entry=bmp&from=map&fromPanelNum=2&timestamp=202508311606&locale=ko&svcName=map_pcv5&searchText=%EB%B6%80%EC%82%B0%EB%8C%80%20%EB%A7%9B%EC%A7%91",0,0,"[""토스트"", ""분위기"", ""커피"", ""맛"", ""빙수"", ""정말"", ""도쿄"", ""식감"", ""망고"", ""프렌치""]"
설봉돼지국밥,"",,"https://map.naver.com/p/search/%EB%B6%80%EC%82%B0%EB%8C%80%20%EB%A7%9B%EC%A7%91/place/34348201?c=15.00,0,0,0,dh&placePath=/home?entry=bmp&from=map&fromPanelNum=2&timestamp=202508311607&locale=ko&svcName=map_pcv5&searchText=%EB%B6%80%EC%82%B0%EB%8C%80%20%EB%A7%9B%EC%A7%91",0,0,"[""굿"", ""맛"", ""국밥"", ""국밥집"", ""국물"", ""돼지국밥"", ""순대"", ""설봉"", ""집"", ""김치""]"
부산대 카츠안,"",,"https://map.naver.com/p/search/%EB%B6%80%EC%82%B0%EB%8C%80%20%EB%A7%9B%EC%A7%91/place/1519408095?c=15.00,0,0,0,dh&placePath=/home?entry=bmp&from=map&fromPanelNum=2&timestamp=202508311607&locale=ko&svcName=map_pcv5&searchText=%EB%B6%80%EC%82%B0%EB%8C%80%20%EB%A7%9B%EC%A7%91",0,0,"[""쫄순"", ""카츠"", ""맛"", ""돈까스"", ""메뉴"", ""안"", ""구성"", ""치즈"", ""또"", ""안심""]"
세이지케이크,"",,"https://map.naver.com/p/search/%EB%B6%80%EC%82%B0%EB%8C%80%20%EB%A7%9B%EC%A7%91/place/1578740026?c=15.00,0,0,0,dh&placePath=/home?entry=bmp&from=map&fromPanelNum=2&timestamp=202508311607&locale=ko&svcName=map_pcv5&searchText=%EB%B6%80%EC%82%B0%EB%8C%80%20%EB%A7%9B%EC%A7%91",0,0,"[""케이크"", ""주문"", ""디자인"", ""사장"", ""이용"", ""맛"", ""다음"", ""또"", ""링"", ""레터""]"
김해원조뒷고기,"",,"https://map.naver.com/p/search/%EB%B6%80%EC%82%B0%EB%8C%80%20%EB%A7%9B%EC%A7%91/place/21037618?c=15.00,0,0,0,dh&placePath=/home?entry=bmp&from=map&fromPanelNum=2&timestamp=202508311607&locale=ko&svcName=map_pcv5&searchText=%EB%B6%80%EC%82%B0%EB%8C%80%20%EB%A7%9B%EC%A7%91",0,0,"[""고기"", ""가성"", ""비"", ""맛"", ""굿"", ""껍데기"", ""최고"", ""맛집"", ""부산"", ""집""]"
디저트39 부산대점,"",,"https://map.naver.com/p/search/%EB%B6%80%EC%82%B0%EB%8C%80%20%EB%A7%9B%EC%A7%91/place/1156204367?c=15.00,0,0,0,dh&placePath=/home?entry=bmp&from=map&fromPanelNum=2&timestamp=202508311607&locale=ko&svcName=map_pcv5&searchText=%EB%B6%80%EC%82%B0%EB%8C%80%20%EB%A7%9B%EC%A7%91",0,0,"[""음료"", ""디저트"", ""매장"", ""커피"", ""굿"", ""메뉴"", ""비"", ""가성"", ""카페"", ""라떼""]"
스타벅스 온천장역DT점,"",,"https://map.naver.com/p/search/%EB%B6%80%EC%82%B0%EB%8C%80%20%EB%A7%9B%EC%A7%91/place/1797511761?c=15.00,0,0,0,dh&placePath=/home?entry=bmp&from=map&fromPanelNum=2&timestamp=202508311608&locale=ko&svcName=map_pcv5&searchText=%EB%B6%80%EC%82%B0%EB%8C%80%20%EB%A7%9B%EC%A7%91",0,0,"[""굿"", ""커피"", ""주차"", ""층"", ""맛"", ""샌드위치"", ""사람"", ""음료"", ""스타벅스"", ""시간""]"
낙양,"",,"https://map.naver.com/p/search/%EB%B6%80%EC%82%B0%EB%8C%80%20%EB%A7%9B%EC%A7%91/place/1282767437?c=15.00,0,0,0,dh&placePath=/home?entry=bmp&from=map&fromPanelNum=2&timestamp=202508311608&locale=ko&svcName=map_pcv5&searchText=%EB%B6%80%EC%82%B0%EB%8C%80%20%EB%A7%9B%EC%A7%91",0,0,"[""양고기"", ""굿"", ""분위기"", ""고기"", ""음식"", ""직원"", ""예약"", ""사장"", ""방아"", ""추천""]"
두끼 부산대점,"",,"https://map.naver.com/p/search/%EB%B6%80%EC%82%B0%EB%8C%80%20%EB%A7%9B%EC%A7%91/place/1157226533?c=15.00,0,0,0,dh&placePath=/home?entry=bmp&from=map&fromPanelNum=2&timestamp=202508311608&locale=ko&svcName=map_pcv5&searchText=%EB%B6%80%EC%82%B0%EB%8C%80%20%EB%A7%9B%EC%A7%91",0,0,"[""굿"", ""떡볶이"", ""끼"", ""튀김"", ""귣"", ""가성"", ""비"", ""맛"", ""만"", ""방문""]"
공차 부산대점,"",,"https://map.naver.com/p/search/%EB%B6%80%EC%82%B0%EB%8C%80%20%EB%A7%9B%EC%A7%91/place/1892128480?c=15.00,0,0,0,dh&placePath=/home?entry=bmp&from=map&fromPanelNum=2&timestamp=202508311608&locale=ko&svcName=map_pcv5&searchText=%EB%B6%80%EC%82%B0%EB%8C%80%20%EB%A7%9B%EC%A7%91",0,0,"[""굿"", ""공차"", ""음료"", ""펄"", ""맛"", ""티"", ""매장"", ""밀크"", ""때"", ""제일""]"
라비앙로즈,"",,"https://map.naver.com/p/search/%EB%B6%80%EC%82%B0%EB%8C%80%20%EB%A7%9B%EC%A7%91/place/1698679029?c=15.00,0,0,0,dh&placePath=/home?entry=bmp&from=map&fromPanelNum=2&timestamp=202508311608&locale=ko&svcName=map_pcv5&searchText=%EB%B6%80%EC%82%B0%EB%8C%80%20%EB%A7%9B%EC%A7%91",0,0,"[""함박스테이크"", ""분위기"", ""맛"", ""음식"", ""방문"", ""맛집"", ""또"", ""인테리어"", ""함박"", ""스프""]"
삼굽살 부산대점,"",,"https://map.naver.com/p/search/%EB%B6%80%EC%82%B0%EB%8C%80%20%EB%A7%9B%EC%A7%91/place/1662413128?c=15.00,0,0,0,dh&placePath=/home?entry=bmp&from=map&fromPanelNum=2&timestamp=202508311609&locale=ko&svcName=map_pcv5&searchText=%EB%B6%80%EC%82%B0%EB%8C%80%20%EB%A7%9B%EC%A7%91",0,0,"[""고기"", ""서비스"", ""비빔면"", ""또"", ""초벌"", ""직원"", ""방문"", ""맛"", ""직접"", ""탕""]"
디델리 부산대점,"",,"https://map.naver.com/p/search/%EB%B6%80%EC%82%B0%EB%8C%80%20%EB%A7%9B%EC%A7%91/place/16645668?c=15.00,0,0,0,dh&placePath=/home?entry=bmp&from=map&fromPanelNum=2&timestamp=202508311609&locale=ko&svcName=map_pcv5&searchText=%EB%B6%80%EC%82%B0%EB%8C%80%20%EB%A7%9B%EC%A7%91",0,0,"[""맛"", ""델리"", ""추억"", ""디"", ""굿"", ""만"", ""라볶이"", ""김밥"", ""가성"", ""음식""]"
메가MGC커피 부산부곡점,"",,"https://map.naver.com/p/search/%EB%B6%80%EC%82%B0%EB%8C%80%20%EB%A7%9B%EC%A7%91/place/1849321558?c=15.00,0,0,0,dh&placePath=/home?entry=bmp&from=map&fromPanelNum=2&timestamp=202508311610&locale=ko&svcName=map_pcv5&searchText=%EB%B6%80%EC%82%B0%EB%8C%80%20%EB%A7%9B%EC%A7%91",0,0,"[""커피"", ""맛"", ""음료"", ""자주"", ""분위기"", ""양도"", ""굿"", ""뇸뇸"", ""메"", ""아아""]"
동대문엽기떡볶이 부산대점,"",,"https://map.naver.com/p/search/%EB%B6%80%EC%82%B0%EB%8C%80%20%EB%A7%9B%EC%A7%91/place/35424598?c=15.00,0,0,0,dh&placePath=/home?entry=bmp&from=map&fromPanelNum=2&timestamp=202508311610&locale=ko&svcName=map_pcv5&searchText=%EB%B6%80%EC%82%B0%EB%8C%80%20%EB%A7%9B%EC%A7%91",0,0,"[""굿"", ""엽떡"", ""맛"", ""떡볶이"", ""치즈"", ""제"", ""역시"", ""항상"", ""지점"", ""초보""]"
써브웨이 부산부산대점,"",,"https://map.naver.com/p/search/%EB%B6%80%EC%82%B0%EB%8C%80%20%EB%A7%9B%EC%A7%91/place/37130420?c=15.00,0,0,0,dh&placePath=/home?entry=bmp&from=map&fromPanelNum=2&timestamp=202508311610&locale=ko&svcName=map_pcv5&searchText=%EB%B6%80%EC%82%B0%EB%8C%80%20%EB%A7%9B%EC%A7%91",0,0,"[""굿"", ""맛"", ""샌드위치"", ""직원"", ""혼밥"", ""서브웨이"", ""소스"", ""야채"", ""만"", ""메뉴""]"
모시모시 부산대점,"",,"https://map.naver.com/p/search/%EB%B6%80%EC%82%B0%EB%8C%80%20%EB%A7%9B%EC%A7%91/place/21203707?c=15.00,0,0,0,dh&placePath=/home?entry=bmp&from=map&fromPanelNum=2&timestamp=202508311611&locale=ko&svcName=map_pcv5&searchText=%EB%B6%80%EC%82%B0%EB%8C%80%20%EB%A7%9B%EC%A7%91",0,0,"[""초밥"", ""맛"", ""모시"", ""스시"", ""부산"", ""음식"", ""세트"", ""맛집"", ""구성"", ""방문""]"
부산대 비비드드림 본점,"",,"https://map.naver.com/p/search/%EB%B6%80%EC%82%B0%EB%8C%80%20%EB%A7%9B%EC%A7%91/place/33535201?c=15.00,0,0,0,dh&placePath=/home?entry=bmp&from=map&fromPanelNum=2&timestamp=202508311611&locale=ko&svcName=map_pcv5&searchText=%EB%B6%80%EC%82%B0%EB%8C%80%20%EB%A7%9B%EC%A7%91",0,0,"[""파스타"", ""음식"", ""분위기"", ""또"", ""가지"", ""인테리어"", ""방문"", ""리조또"", ""맛"", ""메뉴""]"
만석꾼풍천산삼민물장어,"",,"https://map.naver.com/p/search/%EB%B6%80%EC%82%B0%EB%8C%80%20%EB%A7%9B%EC%A7%91/place/1395310698?c=15.00,0,0,0,dh&placePath=/home?entry=bmp&from=map&fromPanelNum=2&timestamp=202508311611&locale=ko&svcName=map_pcv5&searchText=%EB%B6%80%EC%82%B0%EB%8C%80%20%EB%A7%9B%EC%A7%91",0,0,"[""굿"", ""장어"", ""맛"", ""사장"", ""요"", ""맛집"", ""탕"", ""민물장어"", ""가족"", ""먹기""]"
스시심,"",,"https://map.naver.com/p/search/%EB%B6%80%EC%82%B0%EB%8C%80%20%EB%A7%9B%EC%A7%91/place/33061157?c=15.00,0,0,0,dh&placePath=/home?entry=bmp&from=map&fromPanelNum=2&timestamp=202508311612&locale=ko&svcName=map_pcv5&searchText=%EB%B6%80%EC%82%B0%EB%8C%80%20%EB%A7%9B%EC%A7%91",0,0,"[""마카"", ""맛"", ""세"", ""스시"", ""또"", ""하나"", ""최고"", ""방문"", ""비"", ""사장""]"
백마돼지갈비,"",,"https://map.naver.com/p/search/%EB%B6%80%EC%82%B0%EB%8C%80%20%EB%A7%9B%EC%A7%91/place/1231170901?c=15.00,0,0,0,dh&placePath=/home?entry=bmp&from=map&fromPanelNum=2&timestamp=202508311613&locale=ko&svcName=map_pcv5&searchText=%EB%B6%80%EC%82%B0%EB%8C%80%20%EB%A7%9B%EC%A7%91",0,0,"[""갈비"", ""생"", ""맛"", ""굿"", ""양념"", ""고기"", ""돼지갈비"", ""더"", ""요"", ""맛집""]"
백양숯불갈비 부산대점,"",,"https://map.naver.com/p/search/%EB%B6%80%EC%82%B0%EB%8C%80%20%EB%A7%9B%EC%A7%91/place/2019956249?c=15.00,0,0,0,dh&placePath=/home?entry=bmp&from=map&fromPanelNum=2&timestamp=202508311613&locale=ko&svcName=map_pcv5&searchText=%EB%B6%80%EC%82%B0%EB%8C%80%20%EB%A7%9B%EC%A7%91",0,0,"[""갈비"", ""고기"", ""가성"", ""비"", ""맛"", ""최고"", ""양념"", ""또"", ""숯불"", ""냉면""]"
소다미김밥,"",,"https://map.naver.com/p/search/%EB%B6%80%EC%82%B0%EB%8C%80%20%EB%A7%9B%EC%A7%91/place/37980760?c=15.00,0,0,0,dh&placePath=/home?entry=bmp&from=map&fromPanelNum=2&timestamp=202508311613&locale=ko&svcName=map_pcv5&searchText=%EB%B6%80%EC%82%B0%EB%8C%80%20%EB%A7%9B%EC%A7%91",0,0,"[""김밥"", ""굿"", ""다미"", ""맛"", ""요"", ""떡볶이"", ""가격"", ""맛집"", ""간장"", ""정말""]"
알바 카페,"",,"https://map.naver.com/p/search/%EB%B6%80%EC%82%B0%EB%8C%80%20%EB%A7%9B%EC%A7%91/place/1153657659?c=15.00,0,0,0,dh&placePath=/home?entry=bmp&from=map&fromPanelNum=2&timestamp=202508311614&locale=ko&svcName=map_pcv5&searchText=%EB%B6%80%EC%82%B0%EB%8C%80%20%EB%A7%9B%EC%A7%91",0,0,"[""카페"", ""분위기"", ""음료"", ""커피"", ""인테리어"", ""디저트"", ""부산"", ""맛"", ""메뉴"", ""방문""]"
박기모조방낙지,"",,"https://map.naver.com/p/search/%EB%B6%80%EC%82%B0%EB%8C%80%20%EB%A7%9B%EC%A7%91/place/12997521?c=15.00,0,0,0,dh&placePath=/home?entry=bmp&from=map&fromPanelNum=2&timestamp=202508311614&locale=ko&svcName=map_pcv5&searchText=%EB%B6%80%EC%82%B0%EB%8C%80%20%EB%A7%9B%EC%A7%91",0,0,"[""낙지"", ""굿"", ""맛"", ""맛집"", ""낙곱새"", ""볶음"", ""포장"", ""최고"", ""집"", ""때""]"
숙성화로,"",,"https://map.naver.com/p/search/%EB%B6%80%EC%82%B0%EB%8C%80%20%EB%A7%9B%EC%A7%91/place/1872982894?c=15.00,0,0,0,dh&placePath=/home?entry=bmp&from=map&fromPanelNum=2&timestamp=202508311615&locale=ko&svcName=map_pcv5&searchText=%EB%B6%80%EC%82%B0%EB%8C%80%20%EB%A7%9B%EC%A7%91",0,0,"[""고기"", ""무한리필"", ""가성"", ""비"", ""가격"", ""질도"", ""굿"", ""라면"", ""맛"", ""사장""]"
로운 샤브샤브 NC부산대점,"",,"https://map.naver.com/p/search/%EB%B6%80%EC%82%B0%EB%8C%80%20%EB%A7%9B%EC%A7%91/place/1916514301?c=15.00,0,0,0,dh&placePath=/home?entry=bmp&from=map&fromPanelNum=2&timestamp=202508311615&locale=ko&svcName=map_pcv5&searchText=%EB%B6%80%EC%82%B0%EB%8C%80%20%EB%A7%9B%EC%A7%91",0,0,"[""음식"", ""야채"", ""재료"", ""샤브샤브"", ""고기"", ""종류"", ""방문"", ""맛"", ""육수"", ""매장""]"
써브웨이 장전역점,"",,"https://map.naver.com/p/search/%EB%B6%80%EC%82%B0%EB%8C%80%20%EB%A7%9B%EC%A7%91/place/477214155?c=15.00,0,0,0,dh&placePath=/home?entry=bmp&from=map&fromPanelNum=2&timestamp=202508311616&locale=ko&svcName=map_pcv5&searchText=%EB%B6%80%EC%82%B0%EB%8C%80%20%EB%A7%9B%EC%A7%91",0,0,"[""굿"", ""맛"", ""야채"", ""샌드위치"", ""직원"", ""주문"", ""서브웨이"", ""자주"", ""먹기"", ""요""]"
나오리쇼쿠 부산대점,"",,"https://map.naver.com/p/search/%EB%B6%80%EC%82%B0%EB%8C%80%20%EB%A7%9B%EC%A7%91/place/1071385723?c=15.00,0,0,0,dh&placePath=/home?entry=bmp&from=map&fromPanelNum=2&timestamp=202508311617&locale=ko&svcName=map_pcv5&searchText=%EB%B6%80%EC%82%B0%EB%8C%80%20%EB%A7%9B%EC%A7%91",0,0,"[""밥"", ""곳"", ""연어"", ""맛"", ""차슈"", ""음식"", ""방문"", ""정말"", ""쇼쿠"", ""부산""]"
삼세랑,"",,"https://map.naver.com/p/search/%EB%B6%80%EC%82%B0%EB%8C%80%20%EB%A7%9B%EC%A7%91/place/37162073?c=15.00,0,0,0,dh&placePath=/home?entry=bmp&from=map&fromPanelNum=2&timestamp=202508311617&locale=ko&svcName=map_pcv5&searchText=%EB%B6%80%EC%82%B0%EB%8C%80%20%EB%A7%9B%EC%A7%91",0,0,"[""비빔밥"", ""음식"", ""맛"", ""반찬"", ""부모님"", ""재료"", ""방문"", ""것"", ""맛집"", ""습""]"
박가부대 부산대점,"",,"https://map.naver.com/p/search/%EB%B6%80%EC%82%B0%EB%8C%80%20%EB%A7%9B%EC%A7%91/place/36957644?c=15.00,0,0,0,dh&placePath=/home?entry=bmp&from=map&fromPanelNum=2&timestamp=202508311617&locale=ko&svcName=map_pcv5&searchText=%EB%B6%80%EC%82%B0%EB%8C%80%20%EB%A7%9B%EC%A7%91",0,0,"[""부대찌개"", ""라면"", ""사리"", ""무한리필"", ""또"", ""맛"", ""밥"", ""닭갈비"", ""양도"", ""가성""]"
쉐 기욤,"",,"https://map.naver.com/p/search/%EB%B6%80%EC%82%B0%EB%8C%80%20%EB%A7%9B%EC%A7%91/place/31119775?c=15.00,0,0,0,dh&placePath=/home?entry=bmp&from=map&fromPanelNum=2&timestamp=202508311618&locale=ko&svcName=map_pcv5&searchText=%EB%B6%80%EC%82%B0%EB%8C%80%20%EB%A7%9B%EC%A7%91",0,0,"[""음식"", ""프랑스"", ""분위기"", ""식사"", ""때"", ""맛"", ""코스"", ""요리"", ""방문"", ""가기""]"
벽제령,"",,"https://map.naver.com/p/search/%EB%B6%80%EC%82%B0%EB%8C%80%20%EB%A7%9B%EC%A7%91/place/38549218?c=15.00,0,0,0,dh&placePath=/home?entry=bmp&from=map&fromPanelNum=2&timestamp=202508311618&locale=ko&svcName=map_pcv5&searchText=%EB%B6%80%EC%82%B0%EB%8C%80%20%EB%A7%9B%EC%A7%91",0,0,"[""굿"", ""점심"", ""갈비탕"", ""특선"", ""맛"", ""음식"", ""가족"", ""양도"", ""요"", ""비""]"
시골통돼지볶음 부산대점,"",,"https://map.naver.com/p/search/%EB%B6%80%EC%82%B0%EB%8C%80%20%EB%A7%9B%EC%A7%91/place/1699167347?c=15.00,0,0,0,dh&placePath=/home?entry=bmp&from=map&fromPanelNum=2&timestamp=202508311618&locale=ko&svcName=map_pcv5&searchText=%EB%B6%80%EC%82%B0%EB%8C%80%20%EB%A7%9B%EC%A7%91",0,0,"[""고기"", ""가성"", ""맛"", ""김치찌개"", ""방문"", ""김치"", ""찌개"", ""비"", ""가격"", ""부산""]"
라화공방 부산대점 (26호점),"",,"https://map.naver.com/p/search/%EB%B6%80%EC%82%B0%EB%8C%80%20%EB%A7%9B%EC%A7%91/place/1181157097?c=15.00,0,0,0,dh&placePath=/home?entry=bmp&from=map&fromPanelNum=2&timestamp=202508311619&locale=ko&svcName=map_pcv5&searchText=%EB%B6%80%EC%82%B0%EB%8C%80%20%EB%A7%9B%EC%A7%91",0,0,"[""맛"", ""탕"", ""아이"", ""굿"", ""재료"", ""방문"", ""단계"", ""여기"", ""매장"", ""처음""]"
스몰굿커피 부산대점,"",,"https://map.naver.com/p/search/%EB%B6%80%EC%82%B0%EB%8C%80%20%EB%A7%9B%EC%A7%91/place/1059923227?c=15.00,0,0,0,dh&placePath=/home?entry=bmp&from=map&fromPanelNum=2&timestamp=202508311620&locale=ko&svcName=map_pcv5&searchText=%EB%B6%80%EC%82%B0%EB%8C%80%20%EB%A7%9B%EC%A7%91",0,0,"[""공부"", ""커피"", ""층"", ""집중"", ""분위기"", ""카페"", ""자주"", ""굿"", ""샌드위치"", ""스몰""]"
리틀프랑 본점,"",,"https://map.naver.com/p/search/%EB%B6%80%EC%82%B0%EB%8C%80%20%EB%A7%9B%EC%A7%91/place/19641866?c=15.00,0,0,0,dh&placePath=/home?entry=bmp&from=map&fromPanelNum=2&timestamp=202508311621&locale=ko&svcName=map_pcv5&searchText=%EB%B6%80%EC%82%B0%EB%8C%80%20%EB%A7%9B%EC%A7%91",0,0,"[""굿"", ""파스타"", ""돈까스"", ""맛집"", ""맛"", ""가성"", ""비"", ""돈가스"", ""곳"", ""부산""]"
든든김밥&분식,"",,"https://map.naver.com/p/search/%EB%B6%80%EC%82%B0%EB%8C%80%20%EB%A7%9B%EC%A7%91/place/1311065139?c=15.00,0,0,0,dh&placePath=/home?entry=bmp&from=map&fromPanelNum=2&timestamp=202508311621&locale=ko&svcName=map_pcv5&searchText=%EB%B6%80%EC%82%B0%EB%8C%80%20%EB%A7%9B%EC%A7%91",0,0,"[""김밥"", ""굿"", ""맛"", ""키토"", ""떡볶이"", ""튀김"", ""자주"", ""가성"", ""비"", ""참치""]"
보글보글국밥,"",,"https://map.naver.com/p/search/%EB%B6%80%EC%82%B0%EB%8C%80%20%EB%A7%9B%EC%A7%91/place/38275515?c=15.00,0,0,0,dh&placePath=/home?entry=bmp&from=map&fromPanelNum=2&timestamp=202508311621&locale=ko&svcName=map_pcv5&searchText=%EB%B6%80%EC%82%B0%EB%8C%80%20%EB%A7%9B%EC%A7%91",0,0,"[""굿"", ""맛"", ""국밥집"", ""국밥"", ""가격"", ""자주"", ""방문"", ""요"", ""다음"", ""사장""]"
솔밭집,"",,"https://map.naver.com/p/search/%EB%B6%80%EC%82%B0%EB%8C%80%20%EB%A7%9B%EC%A7%91/place/31160906?c=15.00,0,0,0,dh&placePath=/home?entry=bmp&from=map&fromPanelNum=2&timestamp=202508311622&locale=ko&svcName=map_pcv5&searchText=%EB%B6%80%EC%82%B0%EB%8C%80%20%EB%A7%9B%EC%A7%91",0,0,"[""굿"", ""맛"", ""파전"", ""칼국수"", ""막걸리"", ""위생"", ""음식"", ""곳"", ""굿굿"", ""야외""]"
스스키노 부산대점,"",,"https://map.naver.com/p/search/%EB%B6%80%EC%82%B0%EB%8C%80%20%EB%A7%9B%EC%A7%91/place/1565755684?c=15.00,0,0,0,dh&placePath=/home?entry=bmp&from=map&fromPanelNum=2&timestamp=202508311622&locale=ko&svcName=map_pcv5&searchText=%EB%B6%80%EC%82%B0%EB%8C%80%20%EB%A7%9B%EC%A7%91",0,0,"[""카레"", ""스프"", ""맛"", ""부산"", ""야채"", ""닭다리"", ""스스키노"", ""소고기"", ""처음"", ""맛집""]"
앵그리웍 부산본점,"",,"https://map.naver.com/p/search/%EB%B6%80%EC%82%B0%EB%8C%80%20%EB%A7%9B%EC%A7%91/place/1572532378?c=15.00,0,0,0,dh&placePath=/home?entry=bmp&from=map&fromPanelNum=2&timestamp=202508311622&locale=ko&svcName=map_pcv5&searchText=%EB%B6%80%EC%82%B0%EB%8C%80%20%EB%A7%9B%EC%A7%91",0,0,"[""탕수육"", ""맛"", ""짬뽕"", ""메뉴"", ""음식"", ""방문"", ""버터"", ""레몬"", ""짜장면"", ""볶음밥""]"
알통떡강정 부산장전점,"",,"https://map.naver.com/p/search/%EB%B6%80%EC%82%B0%EB%8C%80%20%EB%A7%9B%EC%A7%91/place/1980088775?c=15.00,0,0,0,dh&placePath=/home?entry=bmp&from=map&fromPanelNum=2&timestamp=202508311623&locale=ko&svcName=map_pcv5&searchText=%EB%B6%80%EC%82%B0%EB%8C%80%20%EB%A7%9B%EC%A7%91",0,0,"[""굿"", ""맛"", ""닭강정"", ""사장"", ""요"", ""자주"", ""정말"", ""진짜"", ""떡"", ""양도""]"
로베오네,"",,"https://map.naver.com/p/search/%EB%B6%80%EC%82%B0%EB%8C%80%20%EB%A7%9B%EC%A7%91/place/1303594267?c=15.00,0,0,0,dh&placePath=/home?entry=bmp&from=map&fromPanelNum=2&timestamp=202508311623&locale=ko&svcName=map_pcv5&searchText=%EB%B6%80%EC%82%B0%EB%8C%80%20%EB%A7%9B%EC%A7%91",0,0,"[""카페"", ""사장"", ""분위기"", ""음료"", ""디저트"", ""커피"", ""공부"", ""로"", ""맛"", ""것""]"
긴자료코 부산대점,"",,"https://map.naver.com/p/search/%EB%B6%80%EC%82%B0%EB%8C%80%20%EB%A7%9B%EC%A7%91/place/1212527360?c=15.00,0,0,0,dh&placePath=/home?entry=bmp&from=map&fromPanelNum=2&timestamp=202508311623&locale=ko&svcName=map_pcv5&searchText=%EB%B6%80%EC%82%B0%EB%8C%80%20%EB%A7%9B%EC%A7%91",0,0,"[""돈까스"", ""양"", ""양도"", ""밥"", ""추천"", ""방문"", ""소스"", ""맛"", ""연어"", ""무료""]"
상생라멘 부산대점,"",,"https://map.naver.com/p/search/%EB%B6%80%EC%82%B0%EB%8C%80%20%EB%A7%9B%EC%A7%91/place/1380886090?c=15.00,0,0,0,dh&placePath=/home?entry=bmp&from=map&fromPanelNum=2&timestamp=202508311624&locale=ko&svcName=map_pcv5&searchText=%EB%B6%80%EC%82%B0%EB%8C%80%20%EB%A7%9B%EC%A7%91",0,0,"[""라멘"", ""대창"", ""맛"", ""국물"", ""소유"", ""부산"", ""상생"", ""방문"", ""메뉴"", ""장어""]"
브런치가든숲,"",,"https://map.naver.com/p/search/%EB%B6%80%EC%82%B0%EB%8C%80%20%EB%A7%9B%EC%A7%91/place/1188019288?c=15.00,0,0,0,dh&placePath=/home?entry=bmp&from=map&fromPanelNum=2&timestamp=202508311626&locale=ko&svcName=map_pcv5&searchText=%EB%B6%80%EC%82%B0%EB%8C%80%20%EB%A7%9B%EC%A7%91",0,0,"[""브런치"", ""분위기"", ""음식"", ""맛"", ""맛집"", ""가게"", ""또"", ""메뉴"", ""방문"", ""가성""]"
미분당 부산대점,"",,"https://map.naver.com/p/search/%EB%B6%80%EC%82%B0%EB%8C%80%20%EB%A7%9B%EC%A7%91/place/1505394640?c=15.00,0,0,0,dh&placePath=/home?entry=bmp&from=map&fromPanelNum=2&timestamp=202508311626&locale=ko&svcName=map_pcv5&searchText=%EB%B6%80%EC%82%B0%EB%8C%80%20%EB%A7%9B%EC%A7%91",0,0,"[""국물"", ""양도"", ""쌀국수"", ""맛"", ""추가"", ""숙주"", ""굿"", ""미분"", ""면"", ""양""]"
샤브향 부산대점,"",,"https://map.naver.com/p/search/%EB%B6%80%EC%82%B0%EB%8C%80%20%EB%A7%9B%EC%A7%91/place/37160739?c=15.00,0,0,0,dh&placePath=/home?entry=bmp&from=map&fromPanelNum=2&timestamp=202508311627&locale=ko&svcName=map_pcv5&searchText=%EB%B6%80%EC%82%B0%EB%8C%80%20%EB%A7%9B%EC%A7%91",0,0,"[""굿"", ""맛"", ""샤브샤브"", ""직원"", ""음식"", ""최고"", ""월남쌈"", ""샤브향"", ""요"", ""여기""]"
살아있네문어,"",,"https://map.naver.com/p/search/%EB%B6%80%EC%82%B0%EB%8C%80%20%EB%A7%9B%EC%A7%91/place/1979796882?c=15.00,0,0,0,dh&placePath=/home?entry=bmp&from=map&fromPanelNum=2&timestamp=202508311628&locale=ko&svcName=map_pcv5&searchText=%EB%B6%80%EC%82%B0%EB%8C%80%20%EB%A7%9B%EC%A7%91",0,0,"[""문어"", ""오징어"", ""회"", ""맛"", ""진짜"", ""술"", ""최고"", ""또"", ""정말"", ""곳""]"
안다미로 부산대본점,"",,"https://map.naver.com/p/search/%EB%B6%80%EC%82%B0%EB%8C%80%20%EB%A7%9B%EC%A7%91/place/21618550?c=15.00,0,0,0,dh&placePath=/home?entry=bmp&from=map&fromPanelNum=2&timestamp=202508311628&locale=ko&svcName=map_pcv5&searchText=%EB%B6%80%EC%82%B0%EB%8C%80%20%EB%A7%9B%EC%A7%91",0,0,"[""정식"", ""굿"", ""상"", ""가성"", ""비"", ""메뉴"", ""안다미로"", ""때"", ""추천"", ""친구""]"
애요스다이닝 부산대점,"",,"https://map.naver.com/p/search/%EB%B6%80%EC%82%B0%EB%8C%80%20%EB%A7%9B%EC%A7%91/place/1620866654?c=15.00,0,0,0,dh&placePath=/home?entry=bmp&from=map&fromPanelNum=2&timestamp=202508311629&locale=ko&svcName=map_pcv5&searchText=%EB%B6%80%EC%82%B0%EB%8C%80%20%EB%A7%9B%EC%A7%91",0,0,"[""사장"", ""파스타"", ""부산"", ""음식"", ""필라프"", ""방문"", ""맛"", ""매콤"", ""크림"", ""양도""]"
백초밥,"",,"https://map.naver.com/p/search/%EB%B6%80%EC%82%B0%EB%8C%80%20%EB%A7%9B%EC%A7%91/place/2030931858?c=15.00,0,0,0,dh&placePath=/home?entry=bmp&from=map&fromPanelNum=2&timestamp=202508311630&locale=ko&svcName=map_pcv5&searchText=%EB%B6%80%EC%82%B0%EB%8C%80%20%EB%A7%9B%EC%A7%91",0,0,"[""가성"", ""비"", ""초밥"", ""맛"", ""또"", ""점심"", ""특선"", ""다음"", ""방문"", ""구성""]"
구르미곳간 떡케이크,"",,"https://map.naver.com/p/search/%EB%B6%80%EC%82%B0%EB%8C%80%20%EB%A7%9B%EC%A7%91/place/1206230091?c=15.00,0,0,0,dh&placePath=/home?entry=bmp&from=map&fromPanelNum=2&timestamp=202508311632&locale=ko&svcName=map_pcv5&searchText=%EB%B6%80%EC%82%B0%EB%8C%80%20%EB%A7%9B%EC%A7%91",0,0,"[""주문"", ""떡케이크"", ""부산"", ""사장"", ""케이크"", ""당일"", ""앙금"", ""떡"", ""맛"", ""어버이날""]"
번아웃커피 부산대점,"",,"https://map.naver.com/p/search/%EB%B6%80%EC%82%B0%EB%8C%80%20%EB%A7%9B%EC%A7%91/place/1560137852?c=15.00,0,0,0,dh&placePath=/home?entry=bmp&from=map&fromPanelNum=2&timestamp=202508311633&locale=ko&svcName=map_pcv5&searchText=%EB%B6%80%EC%82%B0%EB%8C%80%20%EB%A7%9B%EC%A7%91",0,0,"[""굿"", ""커피"", ""맛"", ""분위기"", ""음료"", ""사장"", ""곳"", ""양도"", ""라떼"", ""좌석""]"
미진황소한우곱창,"",,"https://map.naver.com/p/search/%EB%B6%80%EC%82%B0%EB%8C%80%20%EB%A7%9B%EC%A7%91/place/1225521160?c=15.00,0,0,0,dh&placePath=/home?entry=bmp&from=map&fromPanelNum=2&timestamp=202508311634&locale=ko&svcName=map_pcv5&searchText=%EB%B6%80%EC%82%B0%EB%8C%80%20%EB%A7%9B%EC%A7%91",0,0,"[""곱창"", ""사장"", ""방문"", ""곰탕"", ""또"", ""진짜"", ""맛"", ""서비스"", ""여기"", ""집""]"
디귿,"",,"https://map.naver.com/p/search/%EB%B6%80%EC%82%B0%EB%8C%80%20%EB%A7%9B%EC%A7%91/place/1652572035?c=15.00,0,0,0,dh&placePath=/home?entry=bmp&from=map&fromPanelNum=2&timestamp=202508311634&locale=ko&svcName=map_pcv5&searchText=%EB%B6%80%EC%82%B0%EB%8C%80%20%EB%A7%9B%EC%A7%91",0,0,"[""야키토리"", ""분위기"", ""정말"", ""꼬치"", ""디귿"", ""코스"", ""곳"", ""방문"", ""부산"", ""하나""]"
마장동고기집 부산대점,"",,"https://map.naver.com/p/search/%EB%B6%80%EC%82%B0%EB%8C%80%20%EB%A7%9B%EC%A7%91/place/1208148225?c=15.00,0,0,0,dh&placePath=/home?entry=bmp&from=map&fromPanelNum=2&timestamp=202508311635&locale=ko&svcName=map_pcv5&searchText=%EB%B6%80%EC%82%B0%EB%8C%80%20%EB%A7%9B%EC%A7%91",0,0,"[""고기"", ""소고기"", ""비"", ""맛"", ""순삭"", ""가성"", ""부산"", ""질"", ""소주"", ""맥주""]"
신전떡볶이 부산대점,"",,"https://map.naver.com/p/search/%EB%B6%80%EC%82%B0%EB%8C%80%20%EB%A7%9B%EC%A7%91/place/33811351?c=15.00,0,0,0,dh&placePath=/home?entry=bmp&from=map&fromPanelNum=2&timestamp=202508311635&locale=ko&svcName=map_pcv5&searchText=%EB%B6%80%EC%82%B0%EB%8C%80%20%EB%A7%9B%EC%A7%91",0,0,"[""굿"", ""맛"", ""떡볶이"", ""신전"", ""역시"", ""귣"", ""방문"", ""다음"", ""만"", ""최고""]"
계성상회,"",,"https://map.naver.com/p/search/%EB%B6%80%EC%82%B0%EB%8C%80%20%EB%A7%9B%EC%A7%91/place/1943276272?c=15.00,0,0,0,dh&placePath=/home?entry=bmp&from=map&fromPanelNum=2&timestamp=202508311636&locale=ko&svcName=map_pcv5&searchText=%EB%B6%80%EC%82%B0%EB%8C%80%20%EB%A7%9B%EC%A7%91",0,0,"[""닭"", ""맛"", ""또"", ""음식"", ""정식"", ""목살"", ""굿"", ""곳"", ""추천"", ""맛집""]"
명물토스트,"",,"https://map.naver.com/p/search/%EB%B6%80%EC%82%B0%EB%8C%80%20%EB%A7%9B%EC%A7%91/place/19660920?c=15.00,0,0,0,dh&placePath=/home?entry=bmp&from=map&fromPanelNum=2&timestamp=202508311636&locale=ko&svcName=map_pcv5&searchText=%EB%B6%80%EC%82%B0%EB%8C%80%20%EB%A7%9B%EC%A7%91",0,0,"[""굿"", ""토스트"", ""부산"", ""맛"", ""명물"", ""와플"", ""양"", ""만"", ""곳"", ""딸바""]"
대길고추불고기,"",,"https://map.naver.com/p/search/%EB%B6%80%EC%82%B0%EB%8C%80%20%EB%A7%9B%EC%A7%91/place/11888914?c=15.00,0,0,0,dh&placePath=/home?entry=bmp&from=map&fromPanelNum=2&timestamp=202508311637&locale=ko&svcName=map_pcv5&searchText=%EB%B6%80%EC%82%B0%EB%8C%80%20%EB%A7%9B%EC%A7%91",0,0,"[""굿"", ""맛"", ""가성"", ""불고기"", ""포장"", ""가격"", ""볶음밥"", ""비"", ""요"", ""집""]"
미각반점,"",,"https://map.naver.com/p/search/%EB%B6%80%EC%82%B0%EB%8C%80%20%EB%A7%9B%EC%A7%91/place/463430840?c=15.00,0,0,0,dh&placePath=/home?entry=bmp&from=map&fromPanelNum=2&timestamp=202508311638&locale=ko&svcName=map_pcv5&searchText=%EB%B6%80%EC%82%B0%EB%8C%80%20%EB%A7%9B%EC%A7%91",0,0,"[""볶음밥"", ""탕수육"", ""간짜장"", ""맛"", ""맛집"", ""달인"", ""옛날"", ""최고"", ""방문"", ""집""]"
꼭지네 부산대점,"",,"https://map.naver.com/p/search/%EB%B6%80%EC%82%B0%EB%8C%80%20%EB%A7%9B%EC%A7%91/place/2061567628?c=15.00,0,0,0,dh&placePath=/home?entry=bmp&from=map&fromPanelNum=2&timestamp=202508311638&locale=ko&svcName=map_pcv5&searchText=%EB%B6%80%EC%82%B0%EB%8C%80%20%EB%A7%9B%EC%A7%91",0,0,"[""분위기"", ""안주"", ""부산"", ""꼭지"", ""친구"", ""음식"", ""술집"", ""여기"", ""것"", ""메뉴""]"
노랑통닭 부산대점,"",,"https://map.naver.com/p/search/%EB%B6%80%EC%82%B0%EB%8C%80%20%EB%A7%9B%EC%A7%91/place/515691490?c=15.00,0,0,0,dh&placePath=/home?entry=bmp&from=map&fromPanelNum=2&timestamp=202508311640&locale=ko&svcName=map_pcv5&searchText=%EB%B6%80%EC%82%B0%EB%8C%80%20%EB%A7%9B%EC%A7%91",0,0,"[""굿"", ""맛"", ""통닭"", ""마늘"", ""치킨"", ""노랑"", ""요"", ""역시"", ""굿굿"", ""양념""]"
맛있는고기에솜씨를더하다 장전점,"",,"https://map.naver.com/p/search/%EB%B6%80%EC%82%B0%EB%8C%80%20%EB%A7%9B%EC%A7%91/place/1076678787?c=15.00,0,0,0,dh&placePath=/home?entry=bmp&from=map&fromPanelNum=2&timestamp=202508311641&locale=ko&svcName=map_pcv5&searchText=%EB%B6%80%EC%82%B0%EB%8C%80%20%EB%A7%9B%EC%A7%91",0,0,"[""굿"", ""가성"", ""비"", ""고기"", ""맛"", ""맛집"", ""집"", ""요"", ""자주"", ""찌""]"
문화카페 MERGE,"",,"https://map.naver.com/p/search/%EB%B6%80%EC%82%B0%EB%8C%80%20%EB%A7%9B%EC%A7%91/place/1573586934?c=15.00,0,0,0,dh&placePath=/home?entry=bmp&from=map&fromPanelNum=2&timestamp=202508311642&locale=ko&svcName=map_pcv5&searchText=%EB%B6%80%EC%82%B0%EB%8C%80%20%EB%A7%9B%EC%A7%91",0,0,"[""굿"", ""보고"", ""전시"", ""공간"", ""커피"", ""카페"", ""갤러리"", ""음료"", ""리아"", ""곳""]"
내가찜한닭 부산대점,"",,"https://map.naver.com/p/search/%EB%B6%80%EC%82%B0%EB%8C%80%20%EB%A7%9B%EC%A7%91/place/556398296?c=15.00,0,0,0,dh&placePath=/home?entry=bmp&from=map&fromPanelNum=2&timestamp=202508311643&locale=ko&svcName=map_pcv5&searchText=%EB%B6%80%EC%82%B0%EB%8C%80%20%EB%A7%9B%EC%A7%91",0,0,"[""굿"", ""찜닭"", ""맛"", ""치즈"", ""추가"", ""맛집"", ""만"", ""양"", ""부산"", ""양도""]"
샐러디 부산장전역점,"",,"https://map.naver.com/p/search/%EB%B6%80%EC%82%B0%EB%8C%80%20%EB%A7%9B%EC%A7%91/place/1442033102?c=15.00,0,0,0,dh&placePath=/home?entry=bmp&from=map&fromPanelNum=2&timestamp=202508311644&locale=ko&svcName=map_pcv5&searchText=%EB%B6%80%EC%82%B0%EB%8C%80%20%EB%A7%9B%EC%A7%91",0,0,"[""샐러드"", ""디"", ""맛"", ""웜볼"", ""우삼겹"", ""메뉴"", ""비빔"", ""랩"", ""포장"", ""끼""]"
맘스터치 부산대점,"",,"https://map.naver.com/p/search/%EB%B6%80%EC%82%B0%EB%8C%80%20%EB%A7%9B%EC%A7%91/place/33133686?c=15.00,0,0,0,dh&placePath=/home?entry=bmp&from=map&fromPanelNum=2&timestamp=202508311645&locale=ko&svcName=map_pcv5&searchText=%EB%B6%80%EC%82%B0%EB%8C%80%20%EB%A7%9B%EC%A7%91",0,0,"[""굿"", ""버거"", ""싸이"", ""맘스"", ""터치"", ""감"", ""치킨"", ""패티"", ""여기"", ""젤""]"
나이트폴,"",,"https://map.naver.com/p/search/%EB%B6%80%EC%82%B0%EB%8C%80%20%EB%A7%9B%EC%A7%91/place/1238264823?c=15.00,0,0,0,dh&placePath=/home?entry=bmp&from=map&fromPanelNum=2&timestamp=202508311646&locale=ko&svcName=map_pcv5&searchText=%EB%B6%80%EC%82%B0%EB%8C%80%20%EB%A7%9B%EC%A7%91",0,0,"[""분위기"", ""맛"", ""음식"", ""뇨끼"", ""와인"", ""또"", ""메뉴"", ""사장"", ""방문"", ""파스타""]"
버거킹 부산금정오일뱅크점,"",,"https://map.naver.com/p/search/%EB%B6%80%EC%82%B0%EB%8C%80%20%EB%A7%9B%EC%A7%91/place/1797846936?c=15.00,0,0,0,dh&placePath=/home?entry=bmp&from=map&fromPanelNum=2&timestamp=202508311646&locale=ko&svcName=map_pcv5&searchText=%EB%B6%80%EC%82%B0%EB%8C%80%20%EB%A7%9B%EC%A7%91",0,0,"[""굿"", ""주차"", ""쿠폰"", ""버거"", ""버거킹"", ""와퍼"", ""맛"", ""이용"", ""앱"", ""햄버거""]"
야타이스시,"",,"https://map.naver.com/p/search/%EB%B6%80%EC%82%B0%EB%8C%80%20%EB%A7%9B%EC%A7%91/place/1243238995?c=15.00,0,0,0,dh&placePath=/home?entry=bmp&from=map&fromPanelNum=2&timestamp=202508311648&locale=ko&svcName=map_pcv5&searchText=%EB%B6%80%EC%82%B0%EB%8C%80%20%EB%A7%9B%EC%A7%91",0,0,"[""초밥"", ""스시"", ""부산"", ""또"", ""맛"", ""방문"", ""맛집"", ""집"", ""추천"", ""점심""]"
돼지집딸,"",,"https://map.naver.com/p/search/%EB%B6%80%EC%82%B0%EB%8C%80%20%EB%A7%9B%EC%A7%91/place/36259806?c=15.00,0,0,0,dh&placePath=/home?entry=bmp&from=map&fromPanelNum=2&timestamp=202508311648&locale=ko&svcName=map_pcv5&searchText=%EB%B6%80%EC%82%B0%EB%8C%80%20%EB%A7%9B%EC%A7%91",0,0,"[""고기"", ""직접"", ""부산"", ""맛"", ""집"", ""돼지"", ""직원"", ""갈비"", ""정말"", ""생""]"
구름다리 쌈도둑,"",,"https://map.naver.com/p/search/%EB%B6%80%EC%82%B0%EB%8C%80%20%EB%A7%9B%EC%A7%91/place/909377871?c=15.00,0,0,0,dh&placePath=/home?entry=bmp&from=map&fromPanelNum=2&timestamp=202508311649&locale=ko&svcName=map_pcv5&searchText=%EB%B6%80%EC%82%B0%EB%8C%80%20%EB%A7%9B%EC%A7%91",0,0,"[""맛"", ""굿"", ""반찬"", ""연잎밥"", ""음식"", ""정식"", ""생선"", ""고등어"", ""제육"", ""하나""]"
낙곱새 고래섬 부산대점,"",,"https://map.naver.com/p/search/%EB%B6%80%EC%82%B0%EB%8C%80%20%EB%A7%9B%EC%A7%91/place/1322818198?c=15.00,0,0,0,dh&placePath=/home?entry=bmp&from=map&fromPanelNum=2&timestamp=202508311649&locale=ko&svcName=map_pcv5&searchText=%EB%B6%80%EC%82%B0%EB%8C%80%20%EB%A7%9B%EC%A7%91",0,0,"[""굿"", ""낙곱새"", ""또"", ""맛"", ""밥"", ""굿굿"", ""다음"", ""무한리필"", ""완전"", ""양도""]"
바닐바닐,"",,"https://map.naver.com/p/search/%EB%B6%80%EC%82%B0%EB%8C%80%20%EB%A7%9B%EC%A7%91/place/1274224774?c=15.00,0,0,0,dh&placePath=/home?entry=bmp&from=map&fromPanelNum=2&timestamp=202508311649&locale=ko&svcName=map_pcv5&searchText=%EB%B6%80%EC%82%B0%EB%8C%80%20%EB%A7%9B%EC%A7%91",0,0,"[""굿"", ""케이크"", ""맛"", ""인테리어"", ""디저트"", ""스모"", ""사장"", ""커피"", ""카페"", ""분위기""]"
버들로스터리,"",,"https://map.naver.com/p/search/%EB%B6%80%EC%82%B0%EB%8C%80%20%EB%A7%9B%EC%A7%91/place/1438715850?c=15.00,0,0,0,dh&placePath=/home?entry=bmp&from=map&fromPanelNum=2&timestamp=202508311650&locale=ko&svcName=map_pcv5&searchText=%EB%B6%80%EC%82%B0%EB%8C%80%20%EB%A7%9B%EC%A7%91",0,0,"[""커피"", ""맛"", ""향"", ""드립커피"", ""카페"", ""원두"", ""드립"", ""사장"", ""핸드"", ""콜드""]"
구월산돼지국밥,"",,"https://map.naver.com/p/search/%EB%B6%80%EC%82%B0%EB%8C%80%20%EB%A7%9B%EC%A7%91/place/1322586741?c=15.00,0,0,0,dh&placePath=/home?entry=bmp&from=map&fromPanelNum=2&timestamp=202508311653&locale=ko&svcName=map_pcv5&searchText=%EB%B6%80%EC%82%B0%EB%8C%80%20%EB%A7%9B%EC%A7%91",0,0,"[""국밥"", ""돼지국밥"", ""순대"", ""김치"", ""진짜"", ""맛집"", ""국물"", ""집"", ""방문"", ""고기""]"
백억커피 부산대점,"",,"https://map.naver.com/p/search/%EB%B6%80%EC%82%B0%EB%8C%80%20%EB%A7%9B%EC%A7%91/place/1127766838?c=15.00,0,0,0,dh&placePath=/home?entry=bmp&from=map&fromPanelNum=2&timestamp=202508311653&locale=ko&svcName=map_pcv5&searchText=%EB%B6%80%EC%82%B0%EB%8C%80%20%EB%A7%9B%EC%A7%91",0,0,"[""팝콘"", ""매장"", ""커피"", ""가성"", ""비"", ""카페"", ""아메리카노"", ""음료"", ""맛"", ""최고""]"
동방축산 장전점,"",,"https://map.naver.com/p/search/%EB%B6%80%EC%82%B0%EB%8C%80%20%EB%A7%9B%EC%A7%91/place/1306876026?c=15.00,0,0,0,dh&placePath=/home?entry=bmp&from=map&fromPanelNum=2&timestamp=202508311654&locale=ko&svcName=map_pcv5&searchText=%EB%B6%80%EC%82%B0%EB%8C%80%20%EB%A7%9B%EC%A7%91",0,0,"[""고기"", ""매장"", ""사장"", ""맛"", ""직원"", ""진짜"", ""방문"", ""가성"", ""음식"", ""항상""]"
4242샌드위치 본점_20250901.csv.tmp,"",,,0,0,"[""굿"", ""빵"", ""샌드위치"", ""맛"", ""진짜"", ""최고"", ""참치"", ""가격"", ""재료"", ""쌀""]"
Etalee_20250901.csv.tmp,"",,,0,0,"[""에그타르트"", ""맛집"", ""타르트"", ""에타"", ""커피"", ""리"", ""최고"", ""맛"", ""진짜"", ""포장""]"
